topic,political_leaning,sentence_count,Fear_Score,Anger_Score,Joy_Score,Sadness_Score,Disgust_Score,Surprise_Score,Neutral_Score
-1,Liberal,34,0.07065226311918676,0.20958194681717193,0.03939204762333676,0.01473509191590197,0.23807661246289225,0.06311416798545157,0.3644478621837847
-1,Moderate,80,0.045231482577946736,0.11809319426538423,0.015573991817655041,0.024643955906503832,0.15054107043833936,0.07407183258037549,0.5718444686266594
0,Liberal,3,0.014392737687254945,0.029043210670351982,0.0024254940605411925,0.01580742816440761,0.03397904336452484,0.02012080466374755,0.8842312693595886
0,Moderate,12,0.053604575262094535,0.11691337750138094,0.01185720891226083,0.050215662301828466,0.10825557859304051,0.0506383142589281,0.6085152986148993
1,Liberal,5,0.05323811531998217,0.026395181100815533,0.02659235829487443,0.0086021535564214,0.07605933295562864,0.11732055982574821,0.6917923092842102
1,Moderate,2,0.012960606720298529,0.12752141477540135,0.003375756903551519,0.0053509093122556806,0.33374876249581575,0.03512637782841921,0.48191621620208025
2,Liberal,18,0.010076695839719227,0.028281507392724354,0.06423081838551702,0.039292873840572104,0.11022347575312273,0.04594264550703681,0.7019519817291034
2,Moderate,9,0.018820508059838578,0.056709363435705505,0.00870615890663531,0.021126721675197285,0.2909331455464578,0.0298152513957272,0.5738888565036986
3,Liberal,5,0.0034887082874774933,0.22049878342077137,0.009699534601531922,0.005392460199072957,0.09747398803010583,0.009226197097450494,0.6542203046381474
3,Moderate,9,0.0393487254364623,0.12358785938057634,0.002881378633901477,0.03743266324616141,0.09384943896697627,0.029908055750032265,0.6729918751451704
4,Liberal,12,0.24662376300451191,0.1480677476307998,0.007657083236457159,0.012614748013826707,0.30613842636618455,0.012116287883448726,0.2667819522321224
4,Moderate,2,0.001215651340316981,0.0054002630058676004,0.4462892799638212,0.0022350187646225095,0.00822233920916915,0.01456534955650568,0.5220720991492271
5,Liberal,9,0.036421825307317905,0.11233470226741499,0.010058396379463375,0.011894104717713263,0.17163535435166624,0.014701343128561147,0.6429542435540093
5,Moderate,2,0.006076088058762252,0.01666824659332633,0.004824496107175946,0.008708693087100983,0.023174747126176953,0.08592583239078522,0.8546218872070312
6,Liberal,1,0.0062913005240261555,0.05477640777826309,0.0070171416737139225,0.005525430664420128,0.09554526209831238,0.03044622763991356,0.8003981709480286
6,Moderate,1,0.01322978176176548,0.034825101494789124,0.019331876188516617,0.011478804983198643,0.061195749789476395,0.006019036751240492,0.8539195656776428
7,Liberal,2,0.019234113860875368,0.26323430240154266,0.0014302820200100541,0.010313613107427955,0.46255606412887573,0.04800596972927451,0.19522564113140106
8,Liberal,1,0.0039009391330182552,0.05520588904619217,0.0019536595791578293,0.004182822536677122,0.20954743027687073,0.030632026493549347,0.6945772171020508
9,Liberal,3,0.02207877937083443,0.1855650432407856,0.024905956738318007,0.039488683765133224,0.1986973632592708,0.14838324828694263,0.3808809046943982
9,Moderate,6,0.012254368203381697,0.08096812013536692,0.0032800063684893153,0.0248146493298312,0.20724602059150735,0.12593119389687976,0.5455056478579839
10,Liberal,3,0.02574996929615736,0.041790842389067016,0.0029600524188329778,0.008883793683101734,0.04231906263157725,0.017357204264650743,0.8609390457471212
10,Moderate,11,0.0104953404833478,0.1789785438979214,0.008129921254955909,0.03986806456338276,0.03496654488315636,0.10767622823318974,0.6198853525248441
11,Liberal,1,0.0035712162498384714,0.09325092285871506,0.0049277194775640965,0.006323941517621279,0.18697604537010193,0.0080396244302392,0.6969105005264282
11,Moderate,21,0.01567830456354256,0.09505392686419543,0.005907853416699384,0.02026275179481932,0.0706614174026375,0.08001701003827509,0.7124187392847878
12,Liberal,3,0.049856199572483696,0.5380908151467642,0.0012609773548319936,0.005149099587773283,0.3466235113640626,0.005416234722360969,0.05360314746697744
13,Liberal,1,0.007933632470667362,0.02295801043510437,0.005244466010481119,0.005561287514865398,0.037051331251859665,0.012935235165059566,0.9083160758018494
13,Moderate,8,0.09557375524309464,0.05609170050593093,0.013857892306987196,0.1344181663589552,0.047211399069055915,0.06930008885683492,0.5835469719022512
14,Liberal,3,0.019234287086874247,0.028719300404191017,0.008671301494662961,0.007598747809727986,0.0652970423301061,0.010868110926821828,0.8596112132072449
14,Moderate,7,0.028838735739035264,0.18455388942467316,0.004302846367603966,0.09900255228525826,0.1848997785044568,0.03186203805463655,0.46654018866164343
15,Moderate,5,0.021248058532364666,0.04058131678029895,0.0041310076601803304,0.012894439697265624,0.11407594010233879,0.03999808579683304,0.7670711696147918
16,Liberal,1,0.030620504170656204,0.07431579381227493,0.0014969402691349387,0.6194157004356384,0.19835002720355988,0.015567990951240063,0.060233067721128464
16,Moderate,2,0.12940707616508007,0.16273897141218185,0.004968540626578033,0.1423594169318676,0.49163512885570526,0.030099700670689344,0.038791097700595856
17,Liberal,4,0.10590831888839602,0.0659331101924181,0.007831083057681099,0.17071726312860847,0.04803621559403837,0.0831931823049672,0.518380843102932
17,Moderate,1,0.0026502918917685747,0.014665224589407444,0.002373163588345051,0.003948180004954338,0.009531857445836067,0.022358940914273262,0.9444723725318909
18,Moderate,2,0.008858006913214922,0.011361232027411461,0.008567215176299214,0.008787673083133996,0.021005628630518913,0.03501566220074892,0.9064046442508698
19,Liberal,7,0.06817151599430613,0.18108916322567634,0.0038462073176300953,0.056177897145971656,0.19267991837114096,0.009135302821440356,0.48889999756855623
20,Liberal,2,0.01359933172352612,0.029675781726837158,0.0038981938268989325,0.014398742699995637,0.04668494779616594,0.019775498774833977,0.8719675242900848
20,Moderate,6,0.009799231930325428,0.03395503852516413,0.010934101766906679,0.006286004635815819,0.03664795751683414,0.04031791817396879,0.862059752146403
21,Liberal,2,0.01551438681781292,0.06884976290166378,0.012133942684158683,0.022442256100475788,0.046614266000688076,0.012090505566447973,0.8223549127578735
21,Moderate,1,0.0081494664773345,0.7534027695655823,0.0016930169658735394,0.011546694673597813,0.09211299568414688,0.004230311140418053,0.12886467576026917
22,Moderate,14,0.11299069277343474,0.06076646350058062,0.006125443623334702,0.014572222268075816,0.04738824222502964,0.01903139563676502,0.7391255274415016
24,Moderate,1,0.0062367916107177734,0.013153995387256145,0.003840954275801778,0.014230860397219658,0.014207454398274422,0.2498970329761505,0.6984329223632812
25,Liberal,2,0.4994355645030737,0.010668216273188591,0.0048807121347635984,0.008369122631847858,0.022196039033588022,0.006804578937590122,0.44764576689340174
25,Moderate,1,0.06781339645385742,0.06104862689971924,0.0023197676055133343,0.016465090215206146,0.010065008886158466,0.02704097144305706,0.8152471780776978
26,Liberal,2,0.0023066563881002367,0.007373825181275606,0.0061916576232761145,0.0027651602867990732,0.004065246786922216,0.029617040418088436,0.9476804435253143
26,Moderate,36,0.04540404895993157,0.08276328382392724,0.044605920787338015,0.025802760352639273,0.05934659898695019,0.10995792906679627,0.6321194417541847
27,Moderate,1,0.0012132824631407857,0.019126981496810913,0.00960840005427599,0.0027363074477761984,0.03780437633395195,0.011175687424838543,0.9183349609375
28,Liberal,4,0.011178747983649373,0.018833531881682575,0.01629866339499131,0.006641716463491321,0.024499438353814185,0.06946714606601745,0.8530807644128799
28,Moderate,2,0.025467862840741873,0.022226678673177958,0.010117473779246211,0.03786039538681507,0.026124159805476665,0.01601299410685897,0.8621904850006104
29,Liberal,3,0.011524676888560256,0.08604661514982581,0.004824653112639983,0.010730685588593284,0.06429676649471124,0.017965374048799276,0.8046112259229025
29,Moderate,8,0.008067796487011947,0.1471636145724915,0.0977729467122117,0.007027669867966324,0.11343863140791655,0.15265216171974316,0.4738771663978696
30,Liberal,1,0.008811394684016705,0.030034005641937256,0.0019659490790218115,0.02943151816725731,0.036295048892498016,0.04327685758471489,0.8501851558685303
30,Moderate,2,0.4241995536722243,0.1092781275510788,0.009890904184430838,0.16470162197947502,0.030135569628328085,0.01284814439713955,0.24894611909985542
31,Moderate,6,0.0356413423238943,0.10647481059034665,0.0048576689829739434,0.0141565534286201,0.1585459734002749,0.013235883399223288,0.6670877772072951
32,Liberal,7,0.011769401441727365,0.2727410682876195,0.0027670873927750756,0.007025470890636955,0.17114113404282502,0.018640798117433275,0.5159150537635598
35,Liberal,1,0.07010944187641144,0.1333044320344925,0.0016645577270537615,0.019646966829895973,0.4956161677837372,0.005142114125192165,0.2745163142681122
35,Moderate,3,0.008271277416497469,0.26917867610851925,0.049072460601261504,0.016205914008120697,0.4147758235534032,0.025561225600540638,0.21693462133407593
36,Moderate,10,0.012909840024076403,0.1209995575249195,0.00430539813823998,0.01834633476100862,0.04759091939777136,0.02390692038461566,0.771941003203392
38,Moderate,5,0.03084032367914915,0.030941391922533514,0.005693690245971083,0.0330352159217,0.06409410685300827,0.0144759027287364,0.8209193587303162
40,Liberal,2,0.22517188545316458,0.03741947561502457,0.01648428221233189,0.009246591944247484,0.2092789113521576,0.03129903553053737,0.4710998125374317
41,Moderate,10,0.012278178113047034,0.044580059684813024,0.05167723583290353,0.010697767371311784,0.04753560647368431,0.04456113912165165,0.7886700242757797
42,Liberal,2,0.0023469620500691235,0.00935366190969944,0.026961081312038004,0.007173305144533515,0.009458253625780344,0.011076759546995163,0.9336299896240234
42,Moderate,1,0.006150446366518736,0.02099437452852726,0.4984143078327179,0.005139356013387442,0.058609090745449066,0.3308904469013214,0.07980203628540039
43,Conservative,1,0.005920149851590395,0.00846051424741745,0.007437633816152811,0.0037429509684443474,0.03532300516963005,0.00499975448474288,0.9341159462928772
43,Liberal,1,0.006276105064898729,0.020263222977519035,0.0019763156305998564,0.003514852374792099,0.02570156753063202,0.011446391232311726,0.9308215975761414
43,Moderate,1,0.0031468686647713184,0.16348519921302795,0.005180801264941692,0.008333840407431126,0.20320869982242584,0.004940540995448828,0.6117040514945984
44,Liberal,4,0.005440958484541625,0.06177758518606424,0.011996785178780556,0.006985660409554839,0.0701772355241701,0.059745936770923436,0.7838758379220963
44,Moderate,1,0.009365759789943695,0.009858361445367336,0.12710420787334442,0.029496369883418083,0.0028356467373669147,0.09983330219984055,0.7215063571929932
46,Liberal,1,0.022723179310560226,0.08283960074186325,0.002904163906350732,0.00974892359226942,0.33534112572669983,0.14010301232337952,0.4063400328159332
46,Moderate,1,0.0016965906834229827,0.0044038183987140656,0.0021451476495712996,0.0008996400865726173,0.0028618460055440664,0.974484384059906,0.013508629985153675
47,Liberal,1,0.004774982109665871,0.03458947688341141,0.000535530794877559,0.0035540808457881212,0.9185328483581543,0.0012618990149348974,0.03675122931599617
49,Liberal,2,0.012439457466825843,0.010349998250603676,0.004532830324023962,0.028661365038715303,0.09151714108884335,0.012297517852857709,0.8402016758918762
51,Liberal,8,0.062276945158373564,0.0364313346799463,0.004615146928699687,0.08550773412571289,0.19480163464322686,0.020835205359617248,0.5955319935455918
51,Moderate,6,0.020593930889541905,0.01606147720788916,0.003145236289128661,0.05029676800283293,0.036253234992424645,0.045686205849051476,0.8279631833235422
52,Liberal,13,0.015575615044396657,0.14391591643484739,0.0029377681113636265,0.03818561521788629,0.22101830533490732,0.03282534956144026,0.5455414400650904
53,Liberal,11,0.026856429620899937,0.02080353848974813,0.11018039286136627,0.06439611772921952,0.035074374596164984,0.060734599363058805,0.6819545403122902
53,Moderate,3,0.013931901815036932,0.05884560911605755,0.03456440086786946,0.18805776730490228,0.03614386326322953,0.042391203343868256,0.6260652442773184
54,Liberal,2,0.12881004065275192,0.02908063493669033,0.0031713915523141623,0.02844004239886999,0.08898688852787018,0.11485644802451134,0.606654554605484
55,Liberal,2,0.003993432910647243,0.03585077030584216,0.1352614003699273,0.019282514695078135,0.028033109847456217,0.012188623193651438,0.765390157699585
55,Moderate,1,0.0035026390105485916,0.06552514433860779,0.0029068042058497667,0.02036377787590027,0.02999449335038662,0.015940114855766296,0.8617671132087708
56,Moderate,1,0.0026618768461048603,0.012082023546099663,0.19655244052410126,0.006493045948445797,0.020238038152456284,0.00746261328458786,0.7545099854469299
57,Moderate,1,0.14363795518875122,0.026670530438423157,0.009870794601738453,0.01577519252896309,0.029095623642206192,0.01339977141469717,0.7615500688552856
58,Liberal,1,0.05435847491025925,0.42823711037635803,0.0023677614517509937,0.17257744073867798,0.06852627545595169,0.028547223657369614,0.24538567662239075
59,Liberal,2,0.029016955755650997,0.1300978921353817,0.0050725770415738225,0.01346689136698842,0.287779844366014,0.011855769669637084,0.5227100700139999
59,Moderate,1,0.04779397323727608,0.16709201037883759,0.0021182794589549303,0.015851495787501335,0.25615233182907104,0.023054981604218483,0.48793694376945496
60,Liberal,7,0.027118854025112733,0.175182890546109,0.0053279323619790375,0.014974304242059588,0.26970864313521553,0.04227776878646442,0.46540957050664084
61,Moderate,1,0.03820327669382095,0.019080135971307755,0.008382967673242092,0.005852398928254843,0.01920917071402073,0.12184109538793564,0.7874310612678528
62,Moderate,2,0.010307293850928545,0.19223051704466343,0.014496022660750896,0.018834094051271677,0.09402078110724688,0.13384435698390007,0.5362669080495834
63,Liberal,1,0.010591348633170128,0.01599017344415188,0.05001417547464371,0.009860903024673462,0.016703618690371513,0.005042812786996365,0.891796886920929
63,Moderate,8,0.019465434306766838,0.03057814884232357,0.0032438334601465613,0.04513632631278597,0.025997741147875786,0.02656226116232574,0.8490162342786789
64,Moderate,2,0.004150802735239267,0.01655776333063841,0.0020820264471694827,0.007220117608085275,0.03236106503754854,0.022682983428239822,0.9149452149868011
65,Moderate,3,0.007747739320620894,0.036653389843801655,0.004864112241193652,0.00938278871277968,0.04103523679077625,0.008014673832803965,0.8923021157582601
66,Liberal,1,0.14311465620994568,0.032504960894584656,0.0037276376970112324,0.04170650243759155,0.21973459422588348,0.017952406778931618,0.541259229183197
69,Liberal,2,0.004837221233174205,0.05549378227442503,0.007683279225602746,0.009787795133888721,0.030303727835416794,0.01988842128776014,0.872005820274353
70,Moderate,4,0.012938787462189794,0.04479649430140853,0.0020323585777077824,0.07272206875495613,0.06695009302347898,0.030642857309430838,0.7699173837900162
73,Liberal,1,0.004869470372796059,0.0667821392416954,0.017681818455457687,0.003986021503806114,0.037438955157995224,0.1926552802324295,0.676586389541626
73,Moderate,2,0.076737888623029,0.030917804688215256,0.029683952685445547,0.010970314731821418,0.01858465187251568,0.04738578666001558,0.7857196629047394
74,Liberal,2,0.030228220857679844,0.15430007129907608,0.0023441030643880367,0.18007739633321762,0.16550369560718536,0.016032676212489605,0.4515138566493988
74,Moderate,4,0.014345369301736355,0.043914395151659846,0.004152902954956517,0.01964756823144853,0.1151532034855336,0.1439425506396219,0.6588440015912056
75,Liberal,3,0.003898588319619497,0.01606328785419464,0.00409703243834277,0.009676696344589194,0.03309528653820356,0.42449698100487393,0.508672154818972
76,Liberal,4,0.18662256246898323,0.11334833898581564,0.0031995376339182258,0.009940562769770622,0.06630313955247402,0.33432669658213854,0.2862591464072466
77,Moderate,2,0.013490822166204453,0.13297086767852306,0.0037090724799782038,0.007081423886120319,0.31655097007751465,0.011419136309996247,0.5147777050733566
78,Moderate,5,0.007778916833922267,0.03430626858025789,0.004356987331993878,0.004766369378194213,0.13721905639395118,0.2019254150800407,0.6096469856798649
79,Liberal,1,0.005298689007759094,0.011842596344649792,0.002432087669149041,0.002771498402580619,0.01155371405184269,0.07911361753940582,0.8869878053665161
79,Moderate,2,0.1482236289884895,0.022291405824944377,0.010893204482272267,0.01696616772096604,0.005434636143036187,0.06479227682575583,0.7313986867666245
82,Liberal,1,0.00950290635228157,0.023331038653850555,0.00235888478346169,0.00773424981161952,0.01897682249546051,0.01902659237384796,0.9190694689750671
84,Liberal,1,0.011108228005468845,0.019266754388809204,0.0022426003124564886,0.005780288018286228,0.04134994372725487,0.11567488312721252,0.8045772910118103
84,Moderate,1,0.010902895592153072,0.020807843655347824,0.0038837732281535864,0.012754515744745731,0.041889939457178116,0.05886895954608917,0.8508920669555664
85,Liberal,5,0.017484400328248738,0.09332644110545515,0.003877650829963386,0.045540542155504224,0.14636848717927933,0.04012994393706322,0.653272521495819
87,Liberal,1,0.12054946273565292,0.12802597880363464,0.0024110996164381504,0.016687260940670967,0.6200687885284424,0.02739284560084343,0.08486456423997879
89,Liberal,1,0.03217998892068863,0.016040902584791183,0.3035045266151428,0.012336860410869122,0.013080046512186527,0.010198007337749004,0.6126596927642822
90,Liberal,2,0.01594939175993204,0.04456833563745022,0.0037245586281642318,0.039044326171278954,0.11462655290961266,0.031106133945286274,0.7509807050228119
90,Moderate,1,0.002645432483404875,0.035790346562862396,0.033077582716941833,0.0035367256496101618,0.055081382393836975,0.003981153946369886,0.8658874034881592
91,Liberal,1,0.07365462929010391,0.07366440445184708,0.02756499871611595,0.2684917151927948,0.12127483636140823,0.013547119684517384,0.4218024015426636
92,Liberal,1,0.0011936505325138569,0.9223918914794922,0.0007608273881487548,0.0018886880716308951,0.060786906629800797,0.003010011976584792,0.0099679846316576
93,Liberal,3,0.008512222518523535,0.20805860062440237,0.0024030315689742565,0.0182540537789464,0.20803436636924744,0.02128813633074363,0.533449629942576
94,Moderate,7,0.004879862751944789,0.04837125899004085,0.024085570076879646,0.03169888168174241,0.10221574575241123,0.01681070655052151,0.7719379791191646
96,Liberal,1,0.004388118628412485,0.1891014277935028,0.0023650112561881542,0.0183823574334383,0.20004218816757202,0.030981581658124924,0.5547392964363098
97,Moderate,6,0.012656735178704063,0.21342488968123993,0.010472301005696258,0.05847379507031292,0.03833903822426995,0.27773119377282757,0.3889020347657303
100,Liberal,1,0.0011855403427034616,0.007619025651365519,0.011996912769973278,0.0022963467054069042,0.01010039635002613,0.005928575061261654,0.9608731269836426
100,Moderate,1,0.003536044154316187,0.010336698032915592,0.055375583469867706,0.008045102469623089,0.00460042105987668,0.02542027458548546,0.8926859498023987
101,Moderate,2,0.002167639700928703,0.010901480447500944,0.0038081349339336157,0.003478882019408047,0.017009107628837228,0.010881382506340742,0.9517533481121063
103,Liberal,3,0.003224434331059456,0.0059361134966214495,0.05157258672018846,0.00315220863558352,0.007714710819224517,0.029168149766822655,0.8992317716280619
103,Moderate,1,0.0363602340221405,0.012400399893522263,0.008861325681209564,0.0216613058000803,0.1626526117324829,0.005705100018531084,0.7523590922355652
104,Liberal,1,0.003671828890219331,0.014382991008460522,0.012250219471752644,0.12002474069595337,0.03632989898324013,0.007057263050228357,0.8062831163406372
104,Moderate,2,0.01068665529601276,0.31363212247379124,0.011074041714891791,0.008016543462872505,0.06410080473870039,0.05639697122387588,0.5360928475856781
105,Moderate,3,0.033287188659111656,0.12049458672602971,0.006990248026947181,0.01995753093312184,0.07418175786733627,0.03415804107983907,0.7109306255976359
106,Moderate,2,0.029298138804733753,0.020690564531832933,0.00711842137388885,0.004146449267864227,0.1914699545595795,0.1166141889989376,0.6306623220443726
108,Moderate,3,0.008239413456370434,0.03067796506608526,0.012284108903259039,0.00906950980424881,0.046126526004324354,0.3340151996041338,0.5595872541889548
109,Liberal,12,0.22177970521928123,0.154108609771356,0.0035706785565707833,0.009254218350785473,0.12265156622743234,0.025622064771596342,0.46301315468735993
110,Liberal,3,0.18513417236196497,0.015136870089918375,0.008069926717629036,0.005184209284683068,0.009816534196337065,0.01846985410278042,0.7581885059674581
110,Moderate,2,0.0014616111293435097,0.010821297764778137,0.052499912679195404,0.002712731482461095,0.00979594886302948,0.17998787760734558,0.7427206039428711
114,Liberal,1,0.09697379171848297,0.04649335518479347,0.008086967281997204,0.06906324625015259,0.14226259291172028,0.005067463032901287,0.6320526003837585
114,Moderate,3,0.008536349865607917,0.048019157722592354,0.0032937609745810428,0.012653078340614835,0.12291057143981259,0.02484842420866092,0.7797386248906454
116,Liberal,4,0.32692795153707266,0.056861431803554296,0.003029840299859643,0.009125163429416716,0.27853144938126206,0.013927363615948707,0.3115968070924282
116,Moderate,1,0.771147608757019,0.009174015372991562,0.0032870271243155003,0.006351353134959936,0.007513999007642269,0.009630588814616203,0.19289530813694
118,Liberal,1,0.004312691744416952,0.08043383806943893,0.0013899334007874131,0.01004087645560503,0.5101076364517212,0.0060541401617228985,0.3876609206199646
119,Liberal,1,0.015389717184007168,0.2163139432668686,0.0021657091565430164,0.00660693971440196,0.7166074514389038,0.003871695138514042,0.039044495671987534
120,Liberal,1,0.0019038047175854445,0.009865042753517628,0.006732203997671604,0.0023029570002108812,0.009985227137804031,0.0584321953356266,0.9107785820960999
120,Moderate,3,0.009478854481130838,0.04597397133087119,0.007581828162074089,0.00726789515465498,0.0430471341436108,0.3070616638287902,0.5795886442065239
122,Liberal,1,0.004573264624923468,0.05388164892792702,0.17916105687618256,0.020703786984086037,0.14962553977966309,0.026244590058922768,0.5658101439476013
122,Moderate,2,0.0028627802385017276,0.008869491051882505,0.018186683068051934,0.009202045854181051,0.08267129585146904,0.03419164242222905,0.8440161347389221
124,Liberal,3,0.03473268045733372,0.028588319818178814,0.004567187745124102,0.018707639537751675,0.2868632103006045,0.049384789541363716,0.577156181136767
125,Moderate,2,0.030158246867358685,0.017670152708888054,0.004154455615207553,0.05093894712626934,0.29885441809892654,0.33641752041876316,0.2618062640540302
128,Moderate,1,0.028110027313232422,0.13390861451625824,0.029061011970043182,0.007765915244817734,0.06952619552612305,0.022453200072050095,0.7091749906539917
130,Liberal,1,0.018776534125208855,0.05069774389266968,0.0021025913301855326,0.08394273370504379,0.3726910948753357,0.04914391413331032,0.42264533042907715
132,Liberal,1,0.010431019589304924,0.03950143977999687,0.0027106807101517916,0.0066648246720433235,0.13169792294502258,0.010090247727930546,0.7989038825035095
135,Liberal,2,0.028560876846313477,0.09651900455355644,0.01842150604352355,0.047715173568576574,0.11562320217490196,0.0432729609310627,0.6498872935771942
138,Moderate,1,0.0137575538828969,0.01594509929418564,0.0020281143952161074,0.01124658714979887,0.03768480196595192,0.03136496618390083,0.887972891330719
140,Liberal,1,0.058921296149492264,0.2510378658771515,0.005914141424000263,0.012764308601617813,0.35757121443748474,0.02056889422237873,0.2932221591472626
140,Moderate,1,0.01864672638475895,0.010236500762403011,0.008065108209848404,0.02554701641201973,0.01288710255175829,0.1340552121400833,0.7905623316764832
142,Moderate,2,0.007754954393021762,0.028220667969435453,0.003969956538639963,0.008742292411625385,0.04725189367309213,0.009927612263709307,0.8941326141357422
144,Liberal,3,0.0773260557713608,0.023359159628550213,0.1207879213616252,0.02817487910700341,0.08994903601706028,0.14279053484400114,0.5176123976707458
145,Liberal,1,0.01431964710354805,0.026777707040309906,0.000983991427347064,0.00723948422819376,0.9124510884284973,0.0197333712130785,0.018494684249162674
147,Liberal,6,0.1686217962220932,0.21644554830466708,0.03117068169134048,0.01597041985951364,0.19984495971584693,0.027217463260361303,0.34072913105289143
147,Moderate,1,0.006329057738184929,0.2512149214744568,0.004016608465462923,0.020235365256667137,0.3447425961494446,0.02928186021745205,0.344179630279541
148,Liberal,1,0.015642601996660233,0.42218053340911865,0.0022517130710184574,0.028698356822133064,0.2806812524795532,0.011467037722468376,0.2390785813331604
148,Moderate,1,0.018156055361032486,0.19219788908958435,0.0015077699208632112,0.08223400264978409,0.1970125287771225,0.02410978451371193,0.48478198051452637
153,Liberal,2,0.008668402442708611,0.26390253007411957,0.00755178090184927,0.044683278538286686,0.18854159116744995,0.011381074553355575,0.4752712845802307
154,Liberal,3,0.006610231318821509,0.1948977798844377,0.0022202611823255816,0.011645716615021229,0.3395815324038267,0.02594363068540891,0.4191008706887563
155,Moderate,1,0.0019517604960128665,0.008980250917375088,0.0063293748535215855,0.0025037317536771297,0.018127791583538055,0.003846254199743271,0.9582607746124268
157,Moderate,1,0.5913342237472534,0.15196198225021362,0.0022885215003043413,0.0350675992667675,0.10235649347305298,0.0021365825086832047,0.11485465615987778
159,Moderate,2,0.12065988034009933,0.042576422449201345,0.006563537870533764,0.05081270448863506,0.3150742556899786,0.16864240309223533,0.2956707999110222
160,Liberal,1,0.00247679790481925,0.005733828991651535,0.26182639598846436,0.011552650481462479,0.015424731187522411,0.015864480286836624,0.6871210932731628
161,Liberal,1,0.009660935960710049,0.023328829556703568,0.006756993010640144,0.01666931062936783,0.14098945260047913,0.03236702084541321,0.7702274322509766
161,Moderate,1,0.01617315784096718,0.021261539310216904,0.0026561818085610867,0.009941483847796917,0.030399983748793602,0.012273033149540424,0.9072946906089783
164,Liberal,1,0.013064837083220482,0.027477698400616646,0.009131496772170067,0.15768881142139435,0.019239023327827454,0.16324104368686676,0.6101570725440979
165,Liberal,1,0.012429301626980305,0.4458450675010681,0.007798384875059128,0.02761342190206051,0.23741121590137482,0.022860651835799217,0.24604199826717377
165,Moderate,1,0.005074793938547373,0.06602773815393448,0.002749459585174918,0.09237734973430634,0.04604702815413475,0.003971155267208815,0.7837525010108948
167,Liberal,1,0.6350058317184448,0.13453859090805054,0.0030668519902974367,0.010142938233911991,0.1433001309633255,0.009804838337004185,0.06414078921079636
168,Liberal,2,0.027268085395917296,0.040708000771701336,0.008980193873867393,0.026618984062224627,0.014254340203478932,0.030716645997017622,0.8514537215232849
168,Moderate,2,0.062397162429988384,0.07469999045133591,0.013499483466148376,0.09626338630914688,0.06928253546357155,0.0803707018494606,0.6034867763519287
169,Liberal,1,0.004000408109277487,0.6350519061088562,0.0033976351842284203,0.016343314200639725,0.09050173312425613,0.024230986833572388,0.22647403180599213
172,Liberal,3,0.005103254574351013,0.20204015277946988,0.0016781972565998633,0.0045904857106506824,0.43554598061988753,0.00812103304391106,0.34292085468769073
173,Liberal,1,0.016300559043884277,0.1178019642829895,0.0017346341628581285,0.010322793386876583,0.24383896589279175,0.010965008288621902,0.5990360975265503
174,Moderate,1,0.0034580840729177,0.008161148987710476,0.003614106448367238,0.0026172343641519547,0.008958162739872932,0.026659270748496056,0.9465320110321045
175,Liberal,2,0.007966002682223916,0.015868088230490685,0.36269970680586994,0.007982936222106218,0.02243776060640812,0.06383369769901037,0.5192118436098099
176,Moderate,1,0.004045749548822641,0.004736399278044701,0.08874776214361191,0.016877273097634315,0.0031043896451592445,0.08458259701728821,0.7979057431221008
177,Moderate,1,0.0019507493125274777,0.02029208280146122,0.0026118839159607887,0.0034813613165169954,0.01600704714655876,0.022630946710705757,0.9330259561538696
178,Moderate,1,0.0013340803561732173,0.009297954849898815,0.05075155198574066,0.002881240099668503,0.013149905018508434,0.023542985320091248,0.8990422487258911
179,Liberal,1,0.004781127441674471,0.01378591451793909,0.0024451373610645533,0.005158381070941687,0.02259260229766369,0.009443257004022598,0.9417935609817505
181,Liberal,1,0.012150554917752743,0.008151035755872726,0.0069596245884895325,0.23034577071666718,0.009441837668418884,0.11098317801952362,0.6219679713249207
181,Moderate,10,0.01405113689834252,0.09396649952977895,0.008023559348657727,0.008462971821427346,0.048849572287872435,0.07970672673545778,0.7469395399093628
182,Liberal,1,0.007526938803493977,0.8987758159637451,0.0014295715373009443,0.006461524870246649,0.07083677500486374,0.0022039557807147503,0.012765332125127316
182,Moderate,1,0.010861839167773724,0.04775168374180794,0.0841171145439148,0.011555985547602177,0.13214890658855438,0.5642186999320984,0.14934581518173218
186,Liberal,2,0.04200541973114014,0.010269902646541595,0.007101142313331366,0.012672836426645517,0.006051681470125914,0.0703304074704647,0.8515686094760895
188,Moderate,4,0.014893964224029332,0.02377296704798937,0.1399583833408542,0.013486757932696491,0.09812953695654869,0.43810915760695934,0.2716492246836424
189,Liberal,1,0.008858757093548775,0.012563969008624554,0.003502441570162773,0.01580110378563404,0.008754563517868519,0.016151675954461098,0.9343675374984741
189,Moderate,3,0.19723070288697878,0.2207600213587284,0.006790807509484391,0.03344406249622504,0.32235564291477203,0.04728013502123455,0.17213864562412104
191,Moderate,2,0.4616173803806305,0.034216538071632385,0.00437127472832799,0.009068069979548454,0.4343593716621399,0.008174950256943703,0.048192452639341354
192,Moderate,1,0.002814284060150385,0.025953572243452072,0.017900504171848297,0.006972334813326597,0.02111927606165409,0.34334567189216614,0.5818943977355957
196,Moderate,1,0.12106294184923172,0.036687739193439484,0.013522672466933727,0.00981010403484106,0.010896913707256317,0.017578579485416412,0.79044109582901
198,Moderate,2,0.042125501204282045,0.09964280761778355,0.012212432455271482,0.05185618530958891,0.3428216092288494,0.03113467211369425,0.42020683735609055
199,Moderate,1,0.05373582988977432,0.07783004641532898,0.01116067636758089,0.04925591126084328,0.04357316717505455,0.0357266440987587,0.7287176847457886
204,Liberal,1,0.010436597280204296,0.1628303974866867,0.006118239834904671,0.014242918230593204,0.12557347118854523,0.0027142108883708715,0.6780840754508972
204,Moderate,3,0.00738033225449423,0.036602116810778774,0.010900144775708517,0.005673735868185759,0.01863793283700943,0.012678902906676134,0.9081267913182577
208,Moderate,1,0.0047113047912716866,0.015562890097498894,0.03301229327917099,0.008211906999349594,0.010746035724878311,0.06129163131117821,0.8664638996124268
211,Moderate,2,0.2913335859775543,0.015230431221425533,0.005961455404758453,0.0307850930839777,0.013505587354302406,0.006104681640863419,0.6370792388916016
214,Liberal,1,0.9243864417076111,0.006000947672873735,0.002687628846615553,0.0027853536885231733,0.003658720524981618,0.00666791619732976,0.053813107311725616
214,Moderate,1,0.009212145581841469,0.03968248516321182,0.001097953412681818,0.0075726681388914585,0.6223282217979431,0.012992736883461475,0.30711379647254944
215,Moderate,8,0.007176222745329142,0.04305216472130269,0.008321762215928175,0.006423524580895901,0.05777137214317918,0.03458019811660051,0.8426747545599937
216,Liberal,3,0.012136123065526286,0.01028694569443663,0.04047167177001635,0.002651846424366037,0.006359130765000979,0.4578794107461969,0.4702149008711179
216,Moderate,3,0.008095435953388611,0.026764895922193926,0.0055921191815286875,0.0088662626221776,0.018472265762587387,0.01186093594878912,0.9203481276830038
223,Liberal,2,0.03469402762129903,0.26714377105236053,0.0020112212223466486,0.09963605087250471,0.3300386518239975,0.027892591431736946,0.23858371004462242
224,Liberal,1,0.0906439870595932,0.11203110218048096,0.005167534574866295,0.009358249604701996,0.1669195145368576,0.004287919960916042,0.6115916967391968
224,Moderate,5,0.05081942453980446,0.14022201150655747,0.01164961236063391,0.04179788203909993,0.12151575721800327,0.025874681398272516,0.6081206262111664
226,Moderate,1,0.007070662919431925,0.01767047308385372,0.00681303208693862,0.01554412953555584,0.012493221089243889,0.04978710412979126,0.8906214237213135
234,Moderate,2,0.011067251674830914,0.07280668104067445,0.00609070248901844,0.015696764923632145,0.10424724221229553,0.007794925710186362,0.7822964489459991
236,Moderate,1,0.03271346911787987,0.06769406050443649,0.0035108872689306736,0.0202439334243536,0.06204688921570778,0.028799109160900116,0.7849916219711304
237,Liberal,4,0.00730859418399632,0.33632211945950985,0.004093645460670814,0.014966148883104324,0.5633068531751633,0.006291303929174319,0.06771134864538908
238,Liberal,1,0.003278198419138789,0.01717855967581272,0.04818430915474892,0.0045888181775808334,0.00830069463700056,0.027631524950265884,0.8908379077911377
238,Moderate,2,0.013754940126091242,0.04050391772761941,0.003620660863816738,0.009806834626942873,0.03608891856856644,0.013372424291446805,0.8828522861003876
241,Liberal,2,0.1307911922922358,0.024167338386178017,0.0034649071749299765,0.0034931566333398223,0.0490235285833478,0.5025904923677444,0.2864694185554981
242,Moderate,2,0.01721891714259982,0.13292408734560013,0.002297810511663556,0.03307726001366973,0.15136411786079407,0.022213292308151722,0.6409044861793518
244,Moderate,2,0.010815430898219347,0.37308646738529205,0.002221825474407524,0.026848084293305874,0.20730503275990486,0.008724812883883715,0.3709983378648758
247,Liberal,1,0.3256421387195587,0.06841345876455307,0.02804867923259735,0.16767559945583344,0.023769667372107506,0.08159711211919785,0.3048533499240875
248,Liberal,3,0.01314984168857336,0.04959283955395222,0.00354396408268561,0.02723168379937609,0.25158243052040535,0.03239009343087673,0.6225091802577177
249,Liberal,1,0.00901010725647211,0.08177763968706131,0.005283502396196127,0.005815989337861538,0.06554650515317917,0.007178439758718014,0.8253878951072693
252,Liberal,1,0.027539730072021484,0.4957532584667206,0.0030171212274581194,0.1336681842803955,0.22226597368717194,0.0066492012701928616,0.1111065149307251
253,Moderate,13,0.006873564543918922,0.042277988906090073,0.0060977422757647354,0.07141808098038802,0.04232433911126394,0.02196781519943705,0.8090405005675095
255,Liberal,2,0.0029024446266703308,0.006329084979370236,0.02629898674786091,0.003755386918783188,0.010226788930594921,0.2007542233914137,0.7497330904006958
259,Moderate,5,0.007718488574028015,0.24095207382924855,0.005166567862033844,0.17368704043328761,0.06988052814267576,0.05615889704786241,0.4464364035055041
262,Moderate,2,0.0036961695877835155,0.008432407397776842,0.3145264615304768,0.003869629930704832,0.01042939384933561,0.14367549493908882,0.5153703838586807
264,Liberal,1,0.007857064716517925,0.3576837480068207,0.004530952777713537,0.03635765239596367,0.42611151933670044,0.008776512928307056,0.15868255496025085
266,Liberal,1,0.03409333527088165,0.21837584674358368,0.0051300921477377415,0.009856471791863441,0.19062627851963043,0.003010198939591646,0.5389077663421631
267,Liberal,2,0.4477562317624688,0.011868733912706375,0.05274795927107334,0.037334542721509933,0.007464015041477978,0.029677378479391336,0.4131511440500617
268,Liberal,1,0.004580270033329725,0.008242720738053322,0.06239299476146698,0.0024608182720839977,0.010061407461762428,0.04734135791659355,0.864920437335968
273,Liberal,1,0.039311137050390244,0.19201165437698364,0.0015802769921720028,0.01971711963415146,0.05347668379545212,0.022700684145092964,0.671202540397644
274,Liberal,1,0.011022718623280525,0.028210308402776718,0.0027933912351727486,0.005594446789473295,0.04120722785592079,0.09900068491697311,0.812171220779419
274,Moderate,1,0.020301537588238716,0.46421119570732117,0.009588195011019707,0.033042557537555695,0.18232975900173187,0.006729273125529289,0.28379759192466736
276,Liberal,1,0.0073134987615048885,0.23864351212978363,0.00427071750164032,0.004274767357856035,0.5074945688247681,0.01204137783497572,0.2259615659713745
279,Liberal,3,0.0023945690287897983,0.0744580360284696,0.023120207867274683,0.007033875212073326,0.19021596681947509,0.01524971735974153,0.6875276565551758
279,Moderate,2,0.015045321779325604,0.10375911742448807,0.0096061029471457,0.023119181394577026,0.05976727791130543,0.33758431673049927,0.4511186331510544
282,Liberal,5,0.0654489086009562,0.19269901923835278,0.022286396019626408,0.021830121986567974,0.2389083412475884,0.03922461830079556,0.4196026146411896
285,Moderate,1,0.0035914473701268435,0.010738218203186989,0.028853219002485275,0.0027699985075742006,0.006208530627191067,0.05866359919309616,0.8891749382019043
286,Moderate,1,0.03059878945350647,0.06613986194133759,0.0018084021285176277,0.03671061620116234,0.10738586634397507,0.005536168348044157,0.7518203258514404
287,Liberal,4,0.01773607707582414,0.07677752315066755,0.003042786061996594,0.23531835665926337,0.18092973344027996,0.14335815026424825,0.3428373821079731
288,Liberal,1,0.3442777991294861,0.22896583378314972,0.0030180388130247593,0.018191037699580193,0.04900062084197998,0.016242075711488724,0.34030452370643616
293,Liberal,2,0.010263893753290176,0.026813550852239132,0.0074244411662220955,0.006925304653123021,0.014936866238713264,0.006179890129715204,0.9274560809135437
295,Liberal,2,0.016682743094861507,0.024824172258377075,0.00646409229375422,0.017390296794474125,0.06068631121888757,0.11720460280776024,0.7567477524280548
295,Moderate,1,0.003049122169613838,0.015151175670325756,0.009967373684048653,0.007233388256281614,0.00780397979542613,0.6207438111305237,0.3360511362552643
299,Liberal,2,0.012119215447455645,0.01696703303605318,0.002903672750107944,0.005768629955127835,0.027883932925760746,0.03709626384079456,0.89726123213768
301,Liberal,2,0.003825156716629863,0.007106011034920812,0.005375863052904606,0.008843929972499609,0.020607514306902885,0.015615677461028099,0.93862584233284
302,Liberal,1,0.003436377039179206,0.1651666760444641,0.004105931147933006,0.016418805345892906,0.1807074248790741,0.038849834352731705,0.591314971446991
303,Liberal,1,0.4096342921257019,0.17498281598091125,0.006656475365161896,0.08527595549821854,0.11204326152801514,0.0058099934831261635,0.20559723675251007
305,Liberal,4,0.024555768235586584,0.09534606267698109,0.015252751996740699,0.006213368906173855,0.12250551802571863,0.24474232411012053,0.49138422310352325
306,Liberal,2,0.00996898370794952,0.045174889266490936,0.003239994519390166,0.047060415148735046,0.02875459846109152,0.06555069703608751,0.8002504408359528
306,Moderate,1,0.0013697030954062939,0.004545410163700581,0.02829614467918873,0.003293053014203906,0.010663993656635284,0.01892145909368992,0.9329102635383606
308,Moderate,2,0.005419915891252458,0.49421747773885727,0.0022361688315868378,0.01260395860299468,0.07622931897640228,0.013828595168888569,0.39546457678079605
310,Liberal,1,0.022204946726560593,0.008260453119874,0.013923048973083496,0.022689426317811012,0.006863235961645842,0.5524978041648865,0.3735610544681549
310,Moderate,1,0.022852562367916107,0.0656055212020874,0.19772964715957642,0.127508744597435,0.012799334712326527,0.008532333187758923,0.5649718642234802
312,Moderate,1,0.11892737448215485,0.23034226894378662,0.012114939279854298,0.06041412800550461,0.12102364748716354,0.019019773229956627,0.43815791606903076
315,Moderate,1,0.006588691379874945,0.20234721899032593,0.0011706366203725338,0.01390229444950819,0.10162635892629623,0.008924778550863266,0.665440022945404
317,Moderate,6,0.07089659959698717,0.1254175892099738,0.01961426840474208,0.04822740168310702,0.03397471830248833,0.02774202893488109,0.674127385020256
319,Moderate,2,0.018623189069330692,0.015927699860185385,0.006664676358923316,0.02979060774669051,0.035134910489432514,0.2207111360039562,0.6731477528810501
321,Moderate,2,0.006112323375418782,0.011133478721603751,0.003021648502908647,0.005349963321350515,0.018702595960348845,0.020966139156371355,0.9347138404846191
322,Liberal,1,0.003988152835518122,0.019907521083950996,0.0022328090853989124,0.006620767991989851,0.06494782865047455,0.01460533868521452,0.8876976370811462
324,Moderate,1,0.061342429369688034,0.29849016666412354,0.0022225710563361645,0.5805047154426575,0.02067633718252182,0.006981428246945143,0.029782364144921303
325,Liberal,1,0.01910996064543724,0.028855962678790092,0.004142956808209419,0.0063850185833871365,0.02844577468931675,0.09176226705312729,0.8212980628013611
325,Moderate,1,0.003019977593794465,0.008535909466445446,0.002100582467392087,0.0038417670875787735,0.009881234727799892,0.028596587479114532,0.9440239071846008
328,Liberal,1,0.019101593643426895,0.014212795533239841,0.10235851258039474,0.030370278283953667,0.039162855595350266,0.08297563344240189,0.7118183970451355
335,Liberal,1,0.01952233351767063,0.036829616874456406,0.0023524484131485224,0.02581351436674595,0.17618589103221893,0.014776018448174,0.724520206451416
335,Moderate,1,0.004197349771857262,0.006432904861867428,0.0019610205199569464,0.003115416504442692,0.021006910130381584,0.02479749172925949,0.9384889006614685
339,Liberal,1,0.02949708327651024,0.03601113334298134,0.0032413313165307045,0.0042611416429281235,0.02479344978928566,0.007092930376529694,0.8951029181480408
340,Moderate,1,0.009090038016438484,0.007382054813206196,0.006376143544912338,0.0034644906409084797,0.008215008303523064,0.10703200846910477,0.8584401607513428
341,Liberal,2,0.008354105753824115,0.4894884545356035,0.0015251431614160538,0.01360637741163373,0.022301356308162212,0.005837779492139816,0.4588867058046162
343,Moderate,1,0.00920307356864214,0.3769344985485077,0.0013536745682358742,0.011186446063220501,0.29780709743499756,0.007940810173749924,0.2955743670463562
344,Moderate,1,0.005210703704506159,0.009199408814311028,0.0038896151818335056,0.003941228613257408,0.011256709694862366,0.015790417790412903,0.9507119655609131
346,Liberal,1,0.007525951135903597,0.6389226913452148,0.001886967453174293,0.018434925004839897,0.13623113930225372,0.016386397182941437,0.18061183393001556
347,Liberal,1,0.0026058123912662268,0.014331648126244545,0.012254943139851093,0.01530380081385374,0.0192890502512455,0.05503901466727257,0.8811757564544678
348,Moderate,3,0.23027936555445194,0.031188783546288807,0.005984516038248937,0.06393384731685121,0.02244960516691208,0.06249481765553355,0.58366908878088
349,Conservative,1,0.05479380115866661,0.02245800755918026,0.008747345767915249,0.0282345749437809,0.07352536171674728,0.027324644848704338,0.7849162817001343
349,Liberal,1,0.20541703701019287,0.01807837374508381,0.09382478147745132,0.07733572274446487,0.01569167524576187,0.07158977538347244,0.5180625915527344
352,Liberal,1,0.012818658724427223,0.01410536840558052,0.008793308399617672,0.3603898286819458,0.2311779111623764,0.020809711888432503,0.3519051969051361
352,Moderate,2,0.019127611885778606,0.020075469510629773,0.007667051395401359,0.01738416450098157,0.11665787175297737,0.012949639931321144,0.8061382472515106
367,Liberal,1,0.04655199870467186,0.10066909343004227,0.004034644924104214,0.0057492731139063835,0.06306011229753494,0.057964880019426346,0.7219699621200562
369,Liberal,1,0.0029476250056177378,0.007908564992249012,0.008929833769798279,0.004282382782548666,0.009421535767614841,0.015076706185936928,0.9514333605766296
370,Liberal,1,0.025934206321835518,0.017670679837465286,0.0035090199671685696,0.029516754671931267,0.0183881688863039,0.00692725321277976,0.8980538845062256
370,Moderate,1,0.026145581156015396,0.013991551473736763,0.0038572214543819427,0.029065553098917007,0.007012531626969576,0.03562198206782341,0.8843055367469788
371,Liberal,1,0.0059318277053534985,0.2961546778678894,0.0013210528995841742,0.013710296712815762,0.5046097636222839,0.004270012024790049,0.17400246858596802
372,Liberal,1,0.008697370067238808,0.02042527310550213,0.004318190272897482,0.006180538330227137,0.04363251477479935,0.10107633471488953,0.8156697750091553
372,Moderate,1,0.003016821574419737,0.007552762050181627,0.003052224637940526,0.0147098358720541,0.007895966991782188,0.032475583255290985,0.9312968850135803
374,Moderate,1,0.0027705964166671038,0.01073423121124506,0.003951047081500292,0.0028353375382721424,0.010264258831739426,0.010201766155660152,0.9592428207397461
378,Moderate,1,0.04371055215597153,0.033766891807317734,0.027391061186790466,0.0302052590996027,0.06026250869035721,0.04463435709476471,0.7600294351577759
381,Moderate,1,0.0028126686811447144,0.012901145033538342,0.004680139943957329,0.006283204071223736,0.007052434608340263,0.2657233476638794,0.7005470991134644
382,Moderate,2,0.006950766430236399,0.23585560824722052,0.008005904965102673,0.010508826235309243,0.04114948771893978,0.008053624536842108,0.6894757449626923
385,Moderate,1,0.011259536258876324,0.009646408259868622,0.003679388901218772,0.009291673079133034,0.014286465011537075,0.04852941259741783,0.9033070802688599
386,Liberal,1,0.004738252144306898,0.08084709197282791,0.0018464274471625686,0.0044760191813111305,0.6586105227470398,0.006218602415174246,0.2432630956172943
387,Liberal,1,0.009586434811353683,0.027006028220057487,0.002494562417268753,0.008934535086154938,0.10868416726589203,0.014210308901965618,0.8290839791297913
389,Liberal,1,0.00405136588960886,0.05354827642440796,0.007991700433194637,0.004702709149569273,0.181413933634758,0.13167692720890045,0.6166151165962219
390,Liberal,1,0.0038772106636315584,0.016750715672969818,0.0017226559575647116,0.007350738160312176,0.013254768215119839,0.029884623363614082,0.9271591901779175
399,Moderate,1,0.009587245993316174,0.011217993684113026,0.00157345796469599,0.005680978298187256,0.03426923602819443,0.04810040444135666,0.8895707726478577
402,Moderate,1,0.01895306073129177,0.09848091006278992,0.002052695257589221,0.009101895615458488,0.10278625041246414,0.009853947907686234,0.7587713003158569
403,Liberal,1,0.002816880354657769,0.00914392527192831,0.00453695235773921,0.014384638518095016,0.012665249407291412,0.0063913860358297825,0.9500609636306763
404,Liberal,1,0.003745442256331444,0.11510445177555084,0.0014018630608916283,0.009555364958941936,0.48125651478767395,0.029224930331110954,0.3597113788127899
404,Moderate,1,0.003006374230608344,0.02123906835913658,0.0020598152186721563,0.004180749878287315,0.04355637729167938,0.020728938281536102,0.9052287340164185
407,Liberal,1,0.016275126487016678,0.5035334229469299,0.005704158917069435,0.010586358606815338,0.009911956265568733,0.017122579738497734,0.43686649203300476
408,Moderate,6,0.015434715896844864,0.0516188545152545,0.013732757070101798,0.02409493636029462,0.041613511741161346,0.031065257576604683,0.822439968585968
412,Moderate,3,0.01740452026327451,0.41260434066255885,0.007938429558028778,0.03640505547324816,0.12283306196331978,0.003598736599087715,0.3992158733308315
419,Liberal,1,0.001867466140538454,0.001427587354555726,0.00641822163015604,0.9436672329902649,0.006618478801101446,0.005521648563444614,0.03447936475276947
425,Moderate,1,0.04141655191779137,0.29337266087532043,0.003973462153226137,0.03714131563901901,0.0376705639064312,0.028386564925312996,0.5580389499664307
426,Liberal,3,0.009164439669499794,0.015826265638073284,0.0040774173103272915,0.04226283139238755,0.028215203744669754,0.006582806973407666,0.8938710490862528
427,Moderate,1,0.01701401360332966,0.06852755695581436,0.011179042048752308,0.10728292167186737,0.02113412693142891,0.09940458834171295,0.675457775592804
428,Liberal,1,0.043049588799476624,0.521510124206543,0.001134861959144473,0.017846131697297096,0.3632358908653259,0.0051821316592395306,0.048041220754384995
430,Liberal,1,0.0020665228366851807,0.09557100385427475,0.03148245811462402,0.010383408516645432,0.12009695172309875,0.0039658755995333195,0.7364336848258972
432,Liberal,1,0.002306531183421612,0.008426785469055176,0.0030903867445886135,0.004686166066676378,0.009780594147741795,0.9608848094940186,0.010824684053659439
433,Moderate,1,0.008576721884310246,0.03121400997042656,0.002588848816230893,0.010298024863004684,0.024969985708594322,0.024058707058429718,0.8982937335968018
435,Liberal,2,0.0491038765758276,0.20870159566402435,0.00543188420124352,0.027982182567939162,0.08753616735339165,0.03169572167098522,0.5895486325025558
435,Moderate,1,0.011366943828761578,0.08811469376087189,0.017707660794258118,0.016965268179774284,0.10109415650367737,0.012347930110991001,0.7524033188819885
437,Liberal,2,0.04361002263613045,0.12661851709708571,0.0021845517330802977,0.012138887774199247,0.2549408907070756,0.01574896671809256,0.5447582080960274
438,Liberal,1,0.01804877445101738,0.05534125864505768,0.004007755778729916,0.05913867428898811,0.10729771107435226,0.09763253480195999,0.6585333347320557
440,Liberal,1,0.021744145080447197,0.18892306089401245,0.0016332723898813128,0.019250184297561646,0.46967312693595886,0.009153212420642376,0.2896229326725006
441,Liberal,1,0.009150301106274128,0.02573031559586525,0.0038729961961507797,0.0057915495708584785,0.01018679141998291,0.0060545410960912704,0.9392136335372925
445,Moderate,1,0.07277471572160721,0.050310563296079636,0.007482992950826883,0.049066342413425446,0.009924730286002159,0.005489930976182222,0.8049507737159729
446,Liberal,2,0.02416335977613926,0.27618658542633057,0.005205361172556877,0.023042024113237858,0.14563219994306564,0.004875782877206802,0.5208947062492371
446,Moderate,2,0.016612450359389186,0.03016287088394165,0.0023615631507709622,0.005920034134760499,0.4042991753667593,0.03594101779162884,0.5047029033303261
448,Liberal,1,0.0034019951708614826,0.006800665985792875,0.029088057577610016,0.006183187011629343,0.0023428546264767647,0.09677520394325256,0.8554080128669739
449,Liberal,2,0.05187484435737133,0.1318615898489952,0.012316447566263378,0.09730548411607742,0.29230110347270966,0.0330436322838068,0.38129691034555435
451,Moderate,1,0.0016259154072031379,0.2855602204799652,0.025397276505827904,0.029972314834594727,0.007589428219944239,0.13422438502311707,0.5156304240226746
454,Moderate,1,0.016180863603949547,0.02488667145371437,0.0025964705273509026,0.00974980741739273,0.00911413598805666,0.012612074613571167,0.9248600006103516
456,Liberal,1,0.009839131496846676,0.05163349211215973,0.008160194382071495,0.032825496047735214,0.09009352326393127,0.0027824442368000746,0.8046656250953674
456,Moderate,1,0.00883429404348135,0.013606906868517399,0.1087893471121788,0.004481242038309574,0.03619562089443207,0.4403664767742157,0.3877260982990265
457,Moderate,2,0.028743635397404432,0.03582761436700821,0.0023195436224341393,0.011134587693959475,0.0513518201187253,0.016800720244646072,0.8538220524787903
461,Moderate,6,0.018413441721349955,0.12448668045302232,0.002622014726512134,0.019795143511146307,0.12549604355202368,0.16014354559592903,0.5490431201954683
466,Liberal,1,0.006776631809771061,0.3530271351337433,0.004019829910248518,0.007083393633365631,0.49195608496665955,0.02934730239212513,0.10778964310884476
466,Moderate,1,0.015126127749681473,0.7292401790618896,0.0023133931681513786,0.007926281541585922,0.14813856780529022,0.0035609451588243246,0.09369459748268127
467,Liberal,1,0.0038810099940747023,0.0736866369843483,0.003962547052651644,0.008896306157112122,0.05381549894809723,0.0024147473741322756,0.8533432483673096
468,Liberal,1,0.009918654337525368,0.1299918293952942,0.0007115108310244977,0.03501643240451813,0.7753780484199524,0.00632878253236413,0.04265483096241951
470,Liberal,3,0.007797705164800088,0.08249856779972713,0.0028755664825439453,0.0776651023576657,0.04031439870595932,0.022686599443356197,0.766162097454071
473,Moderate,1,0.008719629608094692,0.36224809288978577,0.0018035558750852942,0.3940041959285736,0.14357826113700867,0.00872734934091568,0.08091893792152405
475,Moderate,1,0.07289993017911911,0.01540403999388218,0.004834522493183613,0.024737920612096786,0.013975919224321842,0.08596353232860565,0.7821841835975647
478,Moderate,1,0.018079042434692383,0.18639956414699554,0.0025462068151682615,0.07581625133752823,0.6479738354682922,0.0015961549943313003,0.0675889328122139
479,Liberal,1,0.009043768979609013,0.14913135766983032,0.0026844721287488937,0.005687307566404343,0.07695877552032471,0.05371400713920593,0.7027802467346191
482,Liberal,1,0.0027325875125825405,0.012951171956956387,0.0032600380945950747,0.005331607069820166,0.009255604818463326,0.12087488919496536,0.8455939888954163
482,Moderate,1,0.003165316069498658,0.009360937401652336,0.002312632277607918,0.0035106928553432226,0.00859444122761488,0.030033208429813385,0.9430227279663086
491,Liberal,1,0.004107190761715174,0.24863500893115997,0.0009693150059320033,0.010978929698467255,0.6918522715568542,0.001390970079228282,0.04206635802984238
492,Liberal,1,0.04666246473789215,0.11348570883274078,0.0033816397190093994,0.007802305277436972,0.15414024889469147,0.009054932743310928,0.665472686290741
503,Moderate,2,0.003469402901828289,0.02882207278162241,0.006354631390422583,0.009236169746145606,0.0552121982909739,0.0076119310688227415,0.8892936110496521
505,Liberal,1,0.013333994895219803,0.048768915235996246,0.3956892490386963,0.027417508885264397,0.00680855568498373,0.022848298773169518,0.48513343930244446
507,Liberal,1,0.007754309102892876,0.0928235724568367,0.0033348340075463057,0.011035267263650894,0.027913406491279602,0.006893760524690151,0.8502448201179504
507,Moderate,1,0.11197648197412491,0.1518731415271759,0.004699729382991791,0.031334832310676575,0.028469059616327286,0.009010727517306805,0.6626359820365906
509,Liberal,1,0.0824793353676796,0.5189001560211182,0.0035026695113629103,0.006009148433804512,0.281203955411911,0.0024308348074555397,0.1054738387465477
512,Liberal,1,0.006563629023730755,0.0386643186211586,0.0033008400350809097,0.009352773427963257,0.08437846601009369,0.00474151037633419,0.8529984951019287
514,Moderate,1,0.08570694923400879,0.22080932557582855,0.19917941093444824,0.09745302051305771,0.0741407722234726,0.05527099221944809,0.2674395740032196
518,Moderate,1,0.0015135705471038818,0.01269547175616026,0.03778683766722679,0.0035944897681474686,0.006703780964016914,0.06562592089176178,0.8720799088478088
519,Moderate,1,0.023579252883791924,0.07967615127563477,0.0021629463881254196,0.021411584690213203,0.06673762202262878,0.01728224940598011,0.7891501188278198
520,Moderate,1,0.2258780300617218,0.5830486416816711,0.002946019871160388,0.06493249535560608,0.05818919837474823,0.004387783817946911,0.060617800801992416
527,Moderate,1,0.2098628282546997,0.04849933460354805,0.005867989268153906,0.019548408687114716,0.010562681593000889,0.008414319716393948,0.6972444653511047
528,Moderate,2,0.014965193346142769,0.0580490417778492,0.0018314910703338683,0.005610061110928655,0.05383378639817238,0.14590781880542636,0.719802588224411
533,Moderate,2,0.033594531705603004,0.015626778826117516,0.01624025241471827,0.03081056266091764,0.009352473076432943,0.2542099989950657,0.640165388584137
539,Moderate,4,0.024239653896074742,0.01312990440055728,0.17652730381814763,0.008477076713461429,0.021339688450098038,0.014811487519182265,0.7414749078452587
540,Moderate,2,0.01649082312360406,0.08933705557137728,0.11614790465682745,0.018407418625429273,0.05194603279232979,0.006460070377215743,0.7012106478214264
542,Liberal,1,0.01744597777724266,0.013078914023935795,0.0004873893049079925,0.001901756739243865,0.9595655202865601,0.0009567505912855268,0.006563764996826649
548,Liberal,1,0.031673088669776917,0.03472644463181496,0.0074991500005126,0.00844300352036953,0.08501512557268143,0.025486111640930176,0.807157039642334
551,Liberal,1,0.009563451632857323,0.039005257189273834,0.0022662566043436527,0.009205207228660583,0.09723367542028427,0.017758449539542198,0.8249677419662476
