week,political_leaning,Anger_Score,Disgust_Score,Fear_Score,Joy_Score,Neutral_Score,Sadness_Score,Surprise_Score
2022-12-27,Conservative,0.06283596425782885,0.059022464032750535,0.035629589954623904,0.0051760552866783,0.658107562805526,0.09921895539654148,0.08000939897777108
2023-01-03,Conservative,0.13153224692782817,0.14426199947605664,0.03569321219537261,0.014972226643379117,0.5806420902846121,0.03073288462237114,0.06216533771539401
2023-01-10,Conservative,0.10092176500750928,0.12885579171003717,0.04091575206257398,0.016029776563542184,0.5949838076303632,0.02459848293969995,0.09369462159915817
2023-01-17,Conservative,0.07668562749555952,0.10492735788568679,0.07039465018194807,0.031537782274729836,0.5853901467521557,0.03660864039958482,0.0944557946393448
2023-01-24,Conservative,0.1124224983019909,0.13558133292729807,0.06240266547635349,0.011417576096088504,0.5455015639987929,0.03368389616856192,0.09899046548622811
2023-01-31,Conservative,0.13765025723332977,0.14829910251326572,0.03443594789419595,0.024452603717058888,0.5344781962770451,0.037539132374271936,0.08314475679149921
2023-02-07,Conservative,0.11522095297169424,0.13271350148300237,0.07112244510998214,0.029261397186062427,0.5323968045274905,0.03611311328131701,0.08317178764853102
2023-02-14,Conservative,0.09413699459266037,0.11131030159681686,0.04927401582591712,0.045500459623236206,0.5910284733091364,0.027301543983569113,0.08144821302459528
2023-02-21,Conservative,0.1147687351953801,0.17079613149317713,0.06422811670115126,0.02592922911910216,0.5490971771068871,0.025054371609828967,0.05012623338518812
2023-02-28,Conservative,0.09998469498780801,0.1141536428945184,0.06779486471758697,0.02259726192881689,0.5751935811713338,0.03186273440951476,0.08841322094099818
2023-03-07,Conservative,0.1420708997523461,0.16046104700327496,0.06742425421852558,0.029488247729067038,0.4801102308186025,0.0430516233424317,0.0773936945408808
2023-03-14,Conservative,0.17179938346557946,0.14567553491323743,0.08622619799156747,0.044246693507776054,0.4391255758986887,0.027506201453033348,0.0854204091937991
2023-03-21,Conservative,0.09604743053700691,0.1901853416880414,0.06119840398698328,0.02443693813055431,0.4978500432799263,0.055309460329961854,0.07497238784785715
2023-03-28,Conservative,0.0891059097522066,0.17628621488036328,0.061921153070165845,0.030039847836457998,0.4648872678351819,0.0320615106958622,0.14569809416537552
2023-04-04,Conservative,0.10774384541609494,0.06454041964887568,0.10126366048482138,0.04008935162198242,0.4968516443364529,0.02634840400639434,0.16316268279182686
2023-04-11,Conservative,0.09866229159432267,0.06707811307731183,0.06866042139027115,0.021819280661893807,0.6383087974012135,0.025373745521175675,0.08009735277173888
2023-04-18,Conservative,0.09864538210639426,0.11288893804979326,0.04997379455580222,0.021988603236686926,0.5994336041865961,0.04836501048186849,0.06870467333130595
2023-04-25,Conservative,0.0862953923587199,0.11320761725166069,0.058492998505936936,0.028993117614253744,0.5817974674116287,0.0401286098742044,0.09108480355297655
2023-05-02,Conservative,0.10398818377260043,0.13023104151525627,0.05982313007492572,0.018106778069799306,0.553125714255466,0.027742827470344827,0.10698232462051455
2023-05-09,Conservative,0.10306099665274822,0.12026081189514304,0.07460507287806166,0.01720619798091284,0.5712508517001647,0.03714353477175428,0.07647253490899235
2023-05-16,Conservative,0.09205003416238565,0.1293725454831356,0.05055158172748332,0.01640055606271956,0.5525249336548403,0.03709729936993106,0.12200305062990796
2023-05-23,Conservative,0.11420504201599947,0.13581783083126145,0.034449942504233146,0.02703992546663526,0.5711110772071628,0.03017531976331065,0.08720086122671737
2023-05-30,Conservative,0.11427596277565136,0.11384343549202215,0.0691276584603205,0.022457798207256924,0.5662143443644579,0.04929800106490324,0.06478279388603601
2023-06-06,Conservative,0.12103587033546707,0.1149025601155769,0.07402564729591442,0.03682919461128556,0.5623221596700867,0.02251097099571732,0.0683735939846291
2023-06-13,Conservative,0.10930107322831943,0.10804854940977829,0.04588092586380381,0.036849901626729145,0.567218142987362,0.02265707874626271,0.1100443302742427
2023-06-20,Conservative,0.05489426372534501,0.11636263403040036,0.033412704083188194,0.03817341143699128,0.6579075581457925,0.026826717307127653,0.07242272608141627
2023-06-27,Conservative,0.11532787234569788,0.12864706468607698,0.02768230306157689,0.01425075271209095,0.6151032195698503,0.04907688979096541,0.049911901752456175
2023-07-04,Conservative,0.07972438379402942,0.10550249946571072,0.06661856830198461,0.01614319026184328,0.646950852614597,0.03973902812536506,0.04532146847710046
2023-07-11,Conservative,0.12476001328676437,0.12951921711750658,0.0670772692444318,0.020704088390110446,0.5646362854500434,0.044695999446308324,0.048607132409025665
2023-07-18,Conservative,0.08605164022331954,0.12340943797046248,0.03310529518874537,0.023886499125837186,0.6474453078525696,0.0161908104517415,0.06991101992663742
2023-07-25,Conservative,0.1161442969935068,0.10184454356304141,0.05791696810682738,0.019419770095371536,0.6125437707383314,0.0288957179786273,0.06323494063288868
2023-08-01,Conservative,0.09383586026103181,0.1384748591555858,0.04101229881780449,0.02012296658559578,0.6121411090012101,0.023440583087473224,0.07097232634987445
2023-08-08,Conservative,0.08819760470109278,0.10992562759275186,0.043757026726248156,0.025344980402875923,0.6307451071989365,0.037725508930937644,0.06430414299288051
2023-08-15,Conservative,0.12001622004038466,0.1283827635173605,0.07059621716405838,0.00831866596264422,0.5342578908325885,0.038234831002636166,0.10019341487012154
2023-08-22,Conservative,0.10155082680669816,0.10105506618784289,0.053367137490417604,0.03096850780064951,0.6044952846824938,0.04042439932226822,0.06813878224285176
2023-08-29,Conservative,0.12780924030870086,0.15726471589278831,0.04938606182338047,0.03845611343458221,0.5371678082081074,0.03326062039509042,0.05665543459305111
2023-09-05,Conservative,0.11704859070768833,0.12357806086677339,0.06842501406812541,0.024732543393788196,0.5486608479975396,0.033350842796439045,0.08420409844337458
2023-09-12,Conservative,0.15963011922289155,0.13009027554453553,0.049217996095795996,0.01324941231501108,0.5320998898297676,0.04063017948056947,0.07508212488678301
2023-09-19,Conservative,0.08964688713769624,0.10945622483732662,0.07530172411604309,0.031192744742206038,0.5812721106098577,0.03730489218681826,0.07582541894369879
2023-09-26,Conservative,0.10299143888079704,0.1208567136002458,0.07087478570267773,0.029093424472027948,0.5704714034123158,0.040999352698047366,0.0647128780997349
2023-10-03,Conservative,0.13234503936038136,0.09671271120725719,0.07179595971532723,0.027183222202842805,0.5462605640291192,0.03810224127045397,0.08760026569719338
2023-10-10,Conservative,0.1436881803323033,0.14747646940526732,0.13202859444509338,0.010246575843220864,0.4493977756766077,0.0473499131449904,0.06981249623650668
2023-10-17,Conservative,0.11663002516771995,0.14755481745169374,0.09237945552540704,0.013185299670608374,0.5438258629248112,0.03922809816464353,0.04719643959564802
2023-10-24,Conservative,0.10759573244616724,0.10667705648762685,0.07234858717179976,0.017504589278633506,0.5831865928831048,0.03794279872273722,0.07474464164062568
2023-10-31,Conservative,0.13787981080198716,0.11753555892257539,0.09732830831556565,0.016083479044693354,0.5214438522930769,0.03876242346588359,0.07096656844972132
2023-11-07,Conservative,0.09550257574252702,0.11157251981179186,0.11794529069690417,0.02197699489461224,0.5326702020082545,0.036661415066676716,0.08367100928226132
2023-11-14,Conservative,0.1110103182347589,0.12813880665987532,0.08563914372506058,0.026510607752961206,0.5224766302535212,0.049055046048995646,0.07716945254390957
2023-11-21,Conservative,0.13879395099403566,0.11554279379182768,0.09060081541210634,0.02491078417995079,0.5322905820496052,0.04058152583928483,0.05727955019955598
2023-11-28,Conservative,0.1558027405563105,0.14872746227171493,0.0808733892682496,0.021733394224119667,0.4853686934655939,0.03058185336455249,0.0769124690049356
2023-12-05,Conservative,0.14716309294641586,0.12696681438472057,0.056517068747545536,0.02010676834059615,0.5373137839938393,0.040857083109233694,0.07107539249808456
2023-12-12,Conservative,0.12724044592557437,0.1268169097828616,0.06636269148579027,0.01806040228691684,0.581237577183284,0.024377255461527508,0.055904717459598366
2023-12-19,Conservative,0.14054243732586172,0.14822126329875338,0.06309731253927829,0.016634610606606783,0.5195694628785656,0.03477419665632262,0.07716071875449197
2023-12-26,Conservative,0.10674457653506085,0.11996054541821227,0.08084856905424061,0.016349864438394313,0.5768094732498028,0.0329545988565364,0.06633237628412492
2024-01-02,Conservative,0.12756000174471352,0.10584503632877944,0.05519259618840489,0.0286969728267896,0.5394041864020382,0.03156406091859603,0.11173714553873315
2024-01-09,Conservative,0.10106724284487252,0.1114179157122257,0.0653128513552374,0.02382860320468541,0.5739095616235782,0.02937093850807011,0.09509288877021356
2024-01-16,Conservative,0.12158151280406547,0.15752363917367204,0.05662260416927203,0.01647322007319531,0.5424698268690153,0.03767671504191226,0.06765247691963436
2024-01-23,Conservative,0.13689281923331453,0.11667849209481386,0.0567366479625163,0.01629318587841354,0.5753644025355468,0.025732474832591456,0.07230197816378867
2024-01-30,Conservative,0.15440853575051927,0.12555535244028007,0.08580289774299497,0.015073856312828397,0.5080444589240591,0.03621816241637798,0.07489673749189481
2024-02-06,Conservative,0.15278668570124163,0.12279495415168082,0.04682200431151773,0.01783632643219704,0.5543786397235295,0.02872930434681074,0.07665208148897237
2024-02-13,Conservative,0.11355932021373241,0.1157317935629454,0.057262655411374846,0.027347874040683447,0.5919955879268045,0.031545969377565215,0.06255680129110604
2024-02-20,Conservative,0.09555955304168161,0.13692880868725474,0.06832783881034697,0.013355195247847538,0.5825924033198505,0.03311736204177137,0.07011883988957848
2024-02-27,Conservative,0.1386110912165075,0.14288807191792977,0.07465092148350458,0.020357924206976234,0.5124636856108223,0.04552805139975891,0.06550025333753055
2024-03-05,Conservative,0.14222388439475783,0.15240021433818365,0.0776559569790098,0.017967491877666667,0.4952717584058696,0.04788091637283912,0.06659977539817881
2024-03-12,Conservative,0.12015199626045077,0.1702650695611911,0.07522286069390145,0.01683557701857397,0.5205797815652884,0.035811133100651156,0.06113358154967589
2024-03-19,Conservative,0.15145509551092215,0.11995207623647308,0.06482406011548797,0.02972767687909354,0.5318137111733896,0.029498795227368972,0.07272858396649631
2024-03-26,Conservative,0.12012680916253092,0.1301163003534961,0.06401407334172296,0.02344007913610448,0.5519705081347331,0.038188693108248385,0.07214353798669347
2024-04-02,Conservative,0.12742657138184466,0.13992459049942005,0.0596805447079895,0.019935571328900763,0.540247534812719,0.040933956104406415,0.07185123289529446
2024-04-09,Conservative,0.13693916223755756,0.13157817473931405,0.05978167607681821,0.023126788701266363,0.5384473357029114,0.03702906716748003,0.07309779661235867
2024-04-16,Conservative,0.13205437492485145,0.14770222844313732,0.06324284103709214,0.024382693211309665,0.5353072294314715,0.04088913177270186,0.05642150236279558
2024-04-23,Conservative,0.12551104541775324,0.14071737855236427,0.07424274910072529,0.022297314719262808,0.5452114586268566,0.03708010875188414,0.05493993919659084
2024-04-30,Conservative,0.10762868359625205,0.0940736164820839,0.08394587726721539,0.029621309370315606,0.5705730095145947,0.027792995107127984,0.0863645027388897
2024-05-07,Conservative,0.11737431929267324,0.1020398735590649,0.059052624506341814,0.019096576391729205,0.6123635618565092,0.02914841473672181,0.060924626185326576
2024-05-14,Conservative,0.10346743626268724,0.12352383947480347,0.05627165211933764,0.022664037110775453,0.5989746474128749,0.02569168110171121,0.06940670268820771
2024-05-21,Conservative,0.12814473442841096,0.13386147609840746,0.050813884224875656,0.037505493999121606,0.5540301657185472,0.031232040000705487,0.06441220641824334
2024-05-28,Conservative,0.10655583269641526,0.12169473426334032,0.07000978213388681,0.021223257350880514,0.5900239685921487,0.03207284761798938,0.058419574973537676
2024-06-04,Conservative,0.11152686849658117,0.10570139099320673,0.06195359328959076,0.018159673468499674,0.5969981097628195,0.034681563372708786,0.07097879996152369
2024-06-11,Conservative,0.09733457072859275,0.11915508682705864,0.11600123157898781,0.021692227925598054,0.5497225346652292,0.027850583948466952,0.06824376401433828
2024-06-18,Conservative,0.11005073735572306,0.16671503044191938,0.06616561141358905,0.030891256004602644,0.5295317278213408,0.03280229300518627,0.06384334689973817
2024-06-25,Conservative,0.10866775661559092,0.1491847641187998,0.13949157423265865,0.015438637975079732,0.4830972883294746,0.04201508557581629,0.06210488928284826
2024-07-02,Conservative,0.11875245004133846,0.14688963655708834,0.07051269039475672,0.025144359707465036,0.5429722789291547,0.027352850872797593,0.06837573554546846
2024-07-09,Conservative,0.1309600562020278,0.10961446990420573,0.08685863186709566,0.01394817744137873,0.5503311841502604,0.03356484020399131,0.07472264086049081
2024-07-16,Conservative,0.11449508952798057,0.1315308409431318,0.048064256108069234,0.08065510997129349,0.5230469004077691,0.030073186586065146,0.07213461235345847
2024-07-23,Conservative,0.1002786327001267,0.11703359755478929,0.08904009326810038,0.012408274544701173,0.5954611226665222,0.025889701970846776,0.05988857564664733
2024-07-30,Conservative,0.15658341918478377,0.15762845691530783,0.08512441803967309,0.019255610488871307,0.5002038580060688,0.025631371177451453,0.055572862230122276
2024-08-06,Conservative,0.13714853119567919,0.11037612524994136,0.09342202809678313,0.041489970952126136,0.5190601163954054,0.03471604194783135,0.06378718664395483
2024-08-13,Conservative,0.11953318159927731,0.16399503534327378,0.08971888504727768,0.01497931609556513,0.4820571852468473,0.052420695106150494,0.07729570397989197
2024-08-20,Conservative,0.11765797532810436,0.13003130876080685,0.07079242479318193,0.017298144998179076,0.5454319792982016,0.034392038406976196,0.08439613074500664
2024-08-27,Conservative,0.13881219992837074,0.12668059855243533,0.07638550141135401,0.013479155388609335,0.5209237986018548,0.04425717047649516,0.07946158028535609
2024-09-03,Conservative,0.11287260213188473,0.14837032807683526,0.05294028094461627,0.02179429648567356,0.5453008608260137,0.03310352596653937,0.08561810493318725
2024-09-10,Conservative,0.12459074781821676,0.16147374124452563,0.0543507726261724,0.018413938524885803,0.5237911525201298,0.030115192270698025,0.08726445295624553
2024-09-17,Conservative,0.16217243498904704,0.15045357234757864,0.06906651505486959,0.019673540464445326,0.4829669446858249,0.03235969264250876,0.08330729599047237
2024-09-24,Conservative,0.11549134909805561,0.13535550288101816,0.056751788931589886,0.018977647611608226,0.5633711680786894,0.032557147378124034,0.07749539932860397
2024-10-01,Conservative,0.1377728150937352,0.12743166668004202,0.04205161422093743,0.014923048619060568,0.5702668303805477,0.03365590015421363,0.07389812751346621
2024-10-08,Conservative,0.13880479673718019,0.127314210550449,0.0709835368960091,0.020319855245333186,0.5284356347869196,0.04134856952527764,0.07279340022394959
2024-10-15,Conservative,0.1060050827178917,0.10733569471285608,0.05947642829676416,0.03153392413314763,0.5820125547032782,0.05694952185254332,0.05668678942065448
2024-10-22,Conservative,0.11835508811969962,0.14422222145220975,0.05274878921103415,0.021022850591130408,0.5541908521038251,0.035074889681846695,0.07438530888412323
2024-10-29,Conservative,0.12802492254342177,0.15191550382715238,0.08173837551932364,0.017181791592360704,0.5187067702359504,0.04473740333668769,0.057695232062287
2022-12-27,Liberal,0.07362247537821526,0.081736858934164,0.03151191864162677,0.006788454833440425,0.7063955739140511,0.01675269915722305,0.0831920276395976
2023-01-03,Liberal,0.1326010579160376,0.11853973869208803,0.08328243924068819,0.013922879572045516,0.573851341239738,0.03700920428812806,0.04079333586978709
2023-01-10,Liberal,0.07930674102253221,0.09003188587067754,0.03761648107833663,0.01444627121364802,0.6938670320189831,0.04143871235953383,0.043292865960621325
2023-01-17,Liberal,0.05858751603158276,0.030474028028991202,0.10198018301300522,0.015708044398620325,0.7258163006266668,0.02500642909269243,0.04242748547611488
2023-01-24,Liberal,0.05908949536064429,0.10434186862160758,0.08133755809588664,0.007741913678021022,0.6826835895966118,0.01842626335564996,0.04637929588271715
2023-01-31,Liberal,0.11791424216626549,0.1879237666013365,0.08938077578976823,0.016617254449092563,0.5033157203294223,0.029470078606747652,0.055378161047642295
2023-02-07,Liberal,0.09771133834254683,0.10965585374894236,0.04700813612348775,0.017568967071215198,0.6594722592444332,0.019805869583419854,0.048777574346685316
2023-02-14,Liberal,0.055595369675671115,0.05931746744537581,0.045184899110540286,0.12145148333873737,0.6354699846058381,0.01886054862044606,0.06412025410594098
2023-02-21,Liberal,0.050736961449019374,0.06774443689245364,0.22609491096582351,0.028475615485548562,0.519738038027909,0.058586211199304274,0.04862382954622546
2023-02-28,Liberal,0.16562407431987725,0.14015412724735893,0.04385135547689545,0.038148528016058725,0.5505966368449352,0.02388976541881604,0.03773551363435501
2023-03-07,Liberal,0.09779991926754718,0.12423119039805083,0.05402897488966114,0.024476518586905263,0.5816008296581762,0.027306064924535606,0.0905565147210533
2023-03-14,Liberal,0.10088587428617753,0.12890506591198073,0.06255427462085865,0.07167865813641,0.5699431190203706,0.03276339598497456,0.0332696237244156
2023-03-21,Liberal,0.04797842693873318,0.04217292918250533,0.06267516232597135,0.010409011917475277,0.6871024150258074,0.052028722765568886,0.09763335038979461
2023-03-28,Liberal,0.07029677601789845,0.06914541685546277,0.03380455964814039,0.04800490424192195,0.6713255963993207,0.03306971227155166,0.07435303840773279
2023-04-04,Liberal,0.07200773520426905,0.18149018130498004,0.05033948017940429,0.0060627717704681006,0.6122236416611652,0.05564508871810337,0.022231117203111963
2023-04-11,Liberal,0.10946831143034307,0.14104678657410352,0.03222953091850888,0.014405053124695111,0.6200527533267935,0.01407035226293369,0.06872722786890027
2023-04-18,Liberal,0.11849039553531573,0.17116933315992353,0.13341941295324686,0.008521689659184071,0.4639869626345379,0.06297573194439918,0.041436476341914365
2023-04-25,Liberal,0.1710060658338277,0.20522035877017866,0.06258924329481286,0.02149207585329266,0.4367869708727559,0.0475620710867983,0.0553432112741891
2023-05-02,Liberal,0.07617433406385524,0.14838738721622108,0.05939224033330855,0.03012258653680594,0.5547792890439417,0.07052428540665392,0.060619889922320876
2023-05-09,Liberal,0.08678821388155664,0.0824592790280979,0.1019715752011628,0.02192240485074938,0.6391895686786983,0.025515794715401992,0.04215316444904698
2023-05-16,Liberal,0.12311018637140811,0.16895570345170624,0.05626977894983637,0.006948269582863613,0.557548283526067,0.04279653125003059,0.044371246695099884
2023-05-23,Liberal,0.1360708958818577,0.1969805580738466,0.08301979984389614,0.00914454315898178,0.5429266198188998,0.011617131553066375,0.02024045353027754
2023-05-30,Liberal,0.08623632195448158,0.12575107067176655,0.044963537012263785,0.010931700629289286,0.6219401260143116,0.04058341783127699,0.06959382892819116
2023-06-06,Liberal,0.17368940380919307,0.16800905095620283,0.0391324765902633,0.021231268879233083,0.5280480969283315,0.017807981661624336,0.0520817374448395
2023-06-13,Liberal,0.07972862869501109,0.13624632195569572,0.04710606927650843,0.0429895022451611,0.6065051955303975,0.013536426232063286,0.07388785213697698
2023-06-20,Liberal,0.18220095667389352,0.11222332805794262,0.043258793976357436,0.02553645275682871,0.5325443209814174,0.02276355633512134,0.08147259486057525
2023-06-27,Liberal,0.1356298181109447,0.2083465206892566,0.070970268506418,0.023930342465470638,0.4827598703609027,0.043909640180224384,0.03445355663511976
2023-07-04,Liberal,0.13459374382141595,0.22872916208960264,0.10558548874497334,0.011125077365788254,0.4177532097590821,0.03767572587584044,0.06453760427764936
2023-07-11,Liberal,0.1370276047321232,0.1596232061396892,0.22795181275700754,0.013200016134712594,0.330058186789852,0.07579449766260371,0.05634469257385808
2023-07-18,Liberal,0.16576486519559028,0.20344240079496306,0.03828123264247547,0.007191336510004429,0.5061443142317743,0.059400148843203375,0.019775694797069455
2023-07-25,Liberal,0.12029093368134147,0.13583379497868006,0.16125654537002745,0.022494988904024116,0.49643955017624347,0.030875102747813753,0.03280908804057006
2023-08-01,Liberal,0.11778236690254222,0.1517344564451156,0.049385311019078254,0.04379293981096325,0.5043917985419063,0.020497265555014847,0.11241585281016804
2023-08-08,Liberal,0.0956217310352561,0.12661300392355765,0.04684968490619208,0.03901124569820236,0.47491003638133406,0.14614242080909504,0.0708518712703759
2023-08-15,Liberal,0.08585331749636675,0.08919680040950571,0.05092594915768127,0.03331390781483298,0.6654170818626881,0.039748465960534864,0.035544474112490766
2023-08-22,Liberal,0.13215289617631026,0.2540051176539681,0.06635023529908834,0.027600208621229336,0.4464478518001418,0.03592651026283802,0.03751719636753435
2023-08-29,Liberal,0.07097152934369183,0.241454502446172,0.16884646175996113,0.008624714493002368,0.43980125507906725,0.012499548504938852,0.057801993756109574
2023-09-05,Liberal,0.08699447515287566,0.14753836395019396,0.0280748527452704,0.019559384207241185,0.6012156527611383,0.04728637396224903,0.06933090396203274
2023-09-12,Liberal,0.1895150422598376,0.1539087976385472,0.06024468987192389,0.00953779800682126,0.45939361044403276,0.04479458320631895,0.08260548639703877
2023-09-19,Liberal,0.06783560568389169,0.10530893395133756,0.05680514571750311,0.041457653185629814,0.6340292122470037,0.020651489260628594,0.07391195528006864
2023-09-26,Liberal,0.1157093723121957,0.14644573669990193,0.07463018636347028,0.025452515935552648,0.5859749329586824,0.01989049988104866,0.031896764366869196
2023-10-03,Liberal,0.10145624419674272,0.18652964577078815,0.10400313393212851,0.019206041687284545,0.5018084287364036,0.014501095698215019,0.07249540867633182
2023-10-10,Liberal,0.102967550802148,0.0857831576890829,0.08218391701423869,0.04592693469668217,0.5885232133997811,0.033159093031038804,0.0614561351585305
2023-10-17,Liberal,0.07773179682039152,0.08938139973316284,0.10592733426998109,0.013720923388525253,0.5867853942394688,0.08003467278204099,0.0464184833589293
2023-10-24,Liberal,0.1851071623630475,0.1473381502965335,0.07515498337086805,0.007794018039550194,0.4699598141339456,0.02941565928157674,0.08523020631400864
2023-10-31,Liberal,0.10788607421972143,0.12785388678372772,0.13383970231833778,0.014314221713749346,0.5356437621710749,0.03640823120057772,0.04405413656767647
2023-11-07,Liberal,0.09566350258496954,0.14302428069437828,0.0820169006176509,0.0184097610018757,0.5305505091714304,0.0651977402158081,0.0651373081626695
2023-11-14,Liberal,0.13833829713234255,0.1963311558713265,0.10807247436980923,0.01600782530740905,0.48852245029129626,0.016286073974052,0.03644171609325449
2023-11-21,Liberal,0.08664922849218379,0.11640517349587749,0.0715622412674015,0.01669576916724393,0.6190825881572758,0.03981978491533589,0.049785221807613196
2023-11-28,Liberal,0.11738604980395967,0.15882138893925354,0.04405621667151199,0.01920482499110394,0.5800462949441791,0.04184595329641564,0.03863927312110114
2023-12-05,Liberal,0.17073694572577042,0.15741974752637797,0.10181460652448646,0.01190664749527863,0.472094778523401,0.029257173296409023,0.056770086579490404
2023-12-12,Liberal,0.12572823113780282,0.17368746737460833,0.07040815389286352,0.03789564779680679,0.520656145998452,0.035772483729028866,0.03585187822700206
2023-12-19,Liberal,0.16858553938369297,0.25402480594844,0.0516657835838419,0.0057040961902303546,0.4282698616799381,0.016917741818663925,0.07483217528270966
2023-12-26,Liberal,0.09290150677058076,0.14523082709877608,0.11420010616014108,0.02152988200924317,0.536353288869029,0.03158053336983976,0.058203851273091946
2024-01-02,Liberal,0.13904897408965639,0.18388151456279178,0.06887229364526702,0.008034969906502421,0.5210332948032139,0.0238433380353052,0.055285610582467386
2024-01-09,Liberal,0.11923257140184024,0.13535180746112016,0.04637659749391278,0.034252047177223036,0.581243080790672,0.02308307088808048,0.060460822590781955
2024-01-16,Liberal,0.1262554693592146,0.16459231772902846,0.06412432373764183,0.020855916457956297,0.5066895635221497,0.05226189830837527,0.06522051434523987
2024-01-23,Liberal,0.12232434954076332,0.10386502347776112,0.047616091558339554,0.0185305960325282,0.626589806081775,0.019826680273325015,0.061247458873997185
2024-01-30,Liberal,0.1262573398073001,0.10376744544062283,0.10230932376236447,0.01708480226703719,0.5729401980425659,0.022543685530226138,0.05509720331768822
2024-02-06,Liberal,0.13586999354632082,0.11549394124460319,0.044213530007200685,0.018990345853954198,0.5942915246853215,0.03674417333772971,0.05439648781764081
2024-02-13,Liberal,0.11407848612243755,0.13465091913192184,0.06735383575095377,0.01814699551695528,0.5695866315166326,0.04070689815673845,0.05547623382721806
2024-02-20,Liberal,0.12216709839593708,0.15492209334791235,0.06709526264960497,0.024804000834021848,0.5579406977746844,0.025976564831343307,0.04709428455861373
2024-02-27,Liberal,0.1191729019536788,0.17205942170153002,0.09686943695658466,0.015577808098981192,0.517258105326314,0.02919013853683023,0.04987218994701406
2024-03-05,Liberal,0.11374167271686672,0.1905936626980039,0.05851927026493568,0.008211593105785031,0.5429040867051012,0.026536838824622624,0.059492874730385344
2024-03-12,Liberal,0.11733409548328524,0.2046807016901952,0.09761080715050466,0.02414857917239945,0.4909866608939664,0.021858130063440957,0.04338102644654887
2024-03-19,Liberal,0.10709389559015992,0.12569513601668333,0.11656128116769758,0.04249245095344982,0.5363972320153219,0.034282564393403644,0.03747744503482127
2024-03-26,Liberal,0.10727241423067654,0.13769794072479352,0.08123513801445705,0.021328663486398912,0.5340992417727966,0.031180817373060797,0.08718579193819022
2024-04-02,Liberal,0.14250297266485723,0.19413163904901473,0.0819200221686416,0.02674325848899919,0.47565789457861407,0.026883551340022193,0.05216066876743696
2024-04-09,Liberal,0.06812215962872255,0.09835227887886853,0.05636529405460682,0.012515136272503457,0.6740236919300612,0.032961989762714625,0.05765945355145369
2024-04-16,Liberal,0.11517727571481369,0.11699716463335785,0.04442950682860096,0.04128574911446772,0.5528396561101545,0.02292901822365815,0.1063416262666578
2024-04-23,Liberal,0.10695497243199492,0.14768940079025922,0.1114086857391521,0.04287723694462325,0.48585585489869115,0.053759826598688915,0.05145403077825898
2024-04-30,Liberal,0.10894144318357159,0.18963694112401794,0.12098690843562994,0.007828065149811317,0.4867279918448247,0.026065548785288398,0.05981310358822526
2024-05-07,Liberal,0.11100305572331862,0.17989185527518486,0.08735946141563253,0.010057405153546731,0.5419908922018581,0.01795576571429699,0.051741564369621525
2024-05-14,Liberal,0.0846516119089682,0.15665917811487368,0.032167883940682866,0.031000256009802576,0.6390622573325763,0.014047150478094161,0.042411672734856756
2024-05-21,Liberal,0.12359102985426552,0.1429922265268749,0.09552553846945305,0.027213564181389857,0.5242457176756227,0.036219355876021264,0.05021256591620229
2024-05-28,Liberal,0.10382902941657834,0.16178785596765297,0.062093165895692685,0.030324731689603594,0.5711516845431701,0.038677516972176064,0.03213601911475303
2024-06-04,Liberal,0.15349616826521617,0.13885999504721738,0.08161811389860905,0.013761661178250457,0.5421252211914785,0.028611105262219355,0.041527732895398566
2024-06-11,Liberal,0.10818067378136935,0.10068772603179285,0.10593517304596178,0.013373645380712425,0.5828755330694713,0.041862235813321526,0.04708501421298609
2024-06-18,Liberal,0.1083190223143022,0.1501763970351966,0.06353675691745721,0.039054152774965635,0.5810160129014516,0.017814292400453496,0.04008336042091274
2024-06-25,Liberal,0.14067911492936586,0.18968763919953727,0.07745780809856355,0.017332068245325717,0.48565422012298193,0.026174844705829814,0.06301430650868463
2024-07-02,Liberal,0.0896897831210686,0.159274683082326,0.11126544773428426,0.006976691552535436,0.5416268457268034,0.03456893353722984,0.0565976045815454
2024-07-09,Liberal,0.14157587338214442,0.14898020535780995,0.05536573427870229,0.019373899066091566,0.5829585031116087,0.02541558745954377,0.026330191703317157
2024-07-16,Liberal,0.17251359522005685,0.17192831242267087,0.05856529016493459,0.010190910616840528,0.5043184433123219,0.025274375221526542,0.057209076361782726
2024-07-23,Liberal,0.1289861050006885,0.17718916734457735,0.08755579154440679,0.02817195745040497,0.4966060466088901,0.023311472208849264,0.05817946186590261
2024-07-30,Liberal,0.12538673928857108,0.15859278246191222,0.04253347974532002,0.023630163182330147,0.57886376096159,0.01909188980887481,0.051901187627897576
2024-08-06,Liberal,0.12106218979061481,0.1178755520607532,0.11278773032288661,0.02511248181169194,0.5327532180791734,0.0373409789041685,0.053067860527158624
2024-08-13,Liberal,0.07660722742852473,0.10168028767007392,0.08296370215426045,0.02297290159124549,0.6044142502466686,0.03335784112533393,0.0780037936544799
2024-08-20,Liberal,0.10671079543887714,0.13143823436104954,0.05986383597597901,0.029634024599354297,0.5835595337823494,0.01704571036230998,0.07174786410249914
2024-08-27,Liberal,0.087689468926484,0.08549825855796886,0.07021233582137415,0.023099886830563476,0.6306396994872817,0.020408151146589865,0.08245220030491636
2024-09-03,Liberal,0.1191261256788172,0.1533832731986288,0.0688613833440553,0.02176555183284692,0.5655553604661049,0.0141186390901566,0.057189666229532976
2024-09-10,Liberal,0.13915277551997968,0.20278450407614335,0.08422242353214911,0.011007532969574475,0.4756410477409402,0.023855072717243166,0.06333663813229835
2024-09-17,Liberal,0.1491970307077931,0.19390444826060257,0.08429292901958903,0.030430810295540258,0.4799649897402194,0.0167384489453085,0.045471338167436655
2024-09-24,Liberal,0.1506601502159413,0.1487561591040607,0.0635286382121386,0.017908383652605095,0.5254664895736002,0.030643249494361213,0.06303692757211103
2024-10-01,Liberal,0.1128747186526892,0.17111240937481886,0.07872262405803938,0.020722310978856146,0.5259366347581975,0.029300942088199475,0.06133036439002404
2024-10-08,Liberal,0.15977962771291604,0.18953660739074915,0.07565554532764558,0.013336987587981186,0.4943665204180488,0.023470316209774696,0.04385440003234583
2024-10-15,Liberal,0.12722746939746848,0.17754389994920844,0.07864592486877912,0.015162056335414842,0.5136537589147616,0.030163018540278988,0.05760387338013502
2024-10-22,Liberal,0.1277424165529931,0.1659715339916909,0.06655939606022042,0.027572236280486107,0.5365134311242677,0.020260730950187534,0.05538025612849922
2024-10-29,Liberal,0.10454318946077751,0.17379124967472823,0.07187025740464113,0.020097151700299114,0.517771438863461,0.038245796228875355,0.07368091949881216
2022-12-27,Moderate,0.04746828973293298,0.08319363538175818,0.026120251882821282,0.1432647362351417,0.6553824990987778,0.02253980408422644,0.02203076742589468
2023-01-03,Moderate,0.06863470799433657,0.13148014438962657,0.05377930569457673,0.02462859518439552,0.6270027563705579,0.040759384966954616,0.0537151034402939
2023-01-10,Moderate,0.088670093543853,0.1834471729346423,0.0472670154341445,0.023101997193370007,0.601965019479394,0.014148995227639658,0.041399707220341614
2023-01-17,Moderate,0.06885576364584263,0.10235430782195176,0.012998080517475762,0.0355183875925528,0.7021835771699746,0.030015827808529086,0.04807403548620637
2023-01-24,Moderate,0.04417132993318856,0.08084086208574229,0.016163411572755772,0.058132714768420975,0.728831851434323,0.009461863139163529,0.06239796580085827
2023-01-31,Moderate,0.08515652104918105,0.0961347501255212,0.03395855514508292,0.09155003777133264,0.6434279828446737,0.01750790350049271,0.03226424831276133
2023-02-07,Moderate,0.08214361240555128,0.10732571534546355,0.030837820743077525,0.013125138028824115,0.6632975857438785,0.06820608901658223,0.03506403701612721
2023-02-14,Moderate,0.1503108211433176,0.11958649163981049,0.06160240980203852,0.01004112655804911,0.5710987787249244,0.04067008727526456,0.046690286309140766
2023-02-21,Moderate,0.09948578495371699,0.11359671692781402,0.0297300811126378,0.03152777528759601,0.621863234145888,0.019394637177826714,0.08440176391941973
2023-02-28,Moderate,0.04271197064550948,0.08141995406415505,0.06102146653932303,0.013498841141546586,0.7120148393309169,0.021204019394262006,0.06812890886590535
2023-03-07,Moderate,0.07399256239878009,0.11794035939383316,0.05684348319045962,0.033667995530413414,0.5990211845608429,0.027929282055993054,0.09060513203003205
2023-03-14,Moderate,0.16770822909616284,0.11864141787269282,0.07186680165995352,0.020919741131365244,0.5304457450374251,0.018953165482907035,0.07146490104718219
2023-03-21,Moderate,0.05379958686951011,0.13193018277663557,0.045498028064944865,0.04101516946684565,0.6255817899835252,0.022977888112932044,0.07919734989159868
2023-03-28,Moderate,0.053669011028593026,0.08884640466695758,0.04223113016033651,0.02384587395571022,0.6395477246054831,0.038016832477011334,0.11384301866386448
2023-04-04,Moderate,0.1680480709152394,0.06369366239462239,0.05139890411182449,0.0163192949931774,0.5509393320075775,0.10642067411620361,0.043180056051106
2023-04-11,Moderate,0.11221349037562803,0.16338444193825122,0.10569126557093109,0.0349636117733704,0.4989838737373551,0.021458769015346914,0.06330455173738297
2023-04-18,Moderate,0.10120150539528654,0.15947318940542318,0.04027619576725628,0.008806389920596742,0.5916177917549268,0.030356163753473966,0.06826875672150558
2023-04-25,Moderate,0.08023926648400863,0.14136307606569082,0.10749836614988262,0.012967092179072348,0.5758744931469361,0.05571260136098429,0.02634511601466395
2023-05-02,Moderate,0.08426254024254896,0.10587121387643655,0.09662819633823158,0.01958483944581302,0.5843557961873619,0.03571704267724156,0.07358037190014732
2023-05-09,Moderate,0.06913466439727169,0.06707378234376479,0.08488032523388223,0.014920238645459535,0.6625334982726472,0.03998432696798156,0.06147315673689339
2023-05-16,Moderate,0.13565832600180128,0.12477746620025554,0.07644352463745124,0.016122132308059776,0.5411602669651163,0.04462785735114601,0.06121041740213207
2023-05-23,Moderate,0.09232358363188913,0.06750686874588466,0.049792433573836135,0.041016796141665264,0.6127675959424144,0.031001131269008327,0.1055915819438682
2023-05-30,Moderate,0.0861792856630927,0.07325098455839903,0.11290991073292385,0.008176215811545212,0.6223492181306938,0.019423638037551372,0.07771072892501248
2023-06-06,Moderate,0.18007131039298005,0.09019467536626112,0.054905748074608136,0.011763468659150228,0.612689100791301,0.01618553376091373,0.034190152711900165
2023-06-13,Moderate,0.031721128646205035,0.041529642886165084,0.10554995858903099,0.04627807209505992,0.6883866638836867,0.02052153098555475,0.06601300216378996
2023-06-20,Moderate,0.08001883904863558,0.13202835571805563,0.02822022101005397,0.02733751861874389,0.6184650867556533,0.02329117654934866,0.09063879680966401
2023-06-27,Moderate,0.062258119775666525,0.11562667306208485,0.024450681787649385,0.029737374997146536,0.7006677063372062,0.018514510051689394,0.04874493036305108
2023-07-04,Moderate,0.13858941614856582,0.10513337681339559,0.08516889376353402,0.010009382398014742,0.526770965588328,0.04490662380244186,0.0894213453070015
2023-07-11,Moderate,0.04458630903779214,0.10751002305187281,0.05655516148156792,0.028994526659759337,0.6296789335707823,0.017584846766355085,0.11509018991297727
2023-07-18,Moderate,0.10620605546802754,0.08160853277064578,0.06039342424024803,0.02785487041469322,0.6159444067607376,0.036713913507868505,0.07127879073278617
2023-07-25,Moderate,0.10273462695495025,0.12675503201000848,0.048989106425268096,0.01103247862731757,0.6046452240926432,0.024445349027195692,0.0813981811544731
2023-08-01,Moderate,0.06236647727469407,0.0974625387945427,0.08689393234940672,0.018827964153248198,0.6320686025974842,0.029946042828333453,0.07243443009345071
2023-08-08,Moderate,0.08573299948322141,0.07275434362849119,0.06319421260789228,0.016199657241936335,0.6595255806600969,0.03337858374671711,0.06921462750331935
2023-08-15,Moderate,0.04912675591691839,0.13897733111440647,0.08686652189910246,0.009142838371664477,0.6481697270241769,0.015064892186985663,0.052651929491928366
2023-08-22,Moderate,0.098892045872552,0.07409863286635035,0.06825174996213583,0.006434907007912528,0.6926211843404287,0.01989842417450351,0.039803051830468915
2023-08-29,Moderate,0.14832246786546566,0.09360733760255494,0.08926015638551389,0.015981815679561914,0.5566521597468446,0.0275286241694418,0.06864743664533134
2023-09-05,Moderate,0.10926722815955973,0.08918034235094052,0.07456310457516323,0.010168145057262736,0.639478043832603,0.03323941061228329,0.04410372780781818
2023-09-12,Moderate,0.07789528416127289,0.14511058244662464,0.09162808834534025,0.006915514713481889,0.5790985184002613,0.017613679997499652,0.0817383359518477
2023-09-19,Moderate,0.07463384458028213,0.09557289979420598,0.05637568848460963,0.02594707216870597,0.6474648484521929,0.03593349752105384,0.06407215108458113
2023-09-26,Moderate,0.0916740756211391,0.11296232288826581,0.06952740449324822,0.016645221669237112,0.6260202940526035,0.029942184469237982,0.05322850716680366
2023-10-03,Moderate,0.09256544795811568,0.0741531792260833,0.05980170621522556,0.032189282009229866,0.657317144155968,0.03456080978062479,0.0494124318321348
2023-10-10,Moderate,0.10402616242073093,0.08233878046463601,0.0938363308047528,0.02385581335865777,0.5458891841630309,0.06673125712737689,0.08332248400873105
2023-10-17,Moderate,0.08800428971881041,0.10971917061639636,0.08378493608809849,0.019766442529847408,0.5848326984754143,0.04177633122162656,0.0721161362259105
2023-10-24,Moderate,0.10456772868767274,0.16987109216683566,0.09892852131937006,0.010434979034875497,0.5238928767050512,0.039731323090058494,0.05257347909921207
2023-10-31,Moderate,0.14180109395529142,0.14574706330604384,0.09144740816749007,0.014014673180160218,0.51213105393302,0.0216338727351588,0.0732248421942737
2023-11-07,Moderate,0.1069780063997136,0.08494397558317311,0.08380504693018223,0.008405002773875634,0.6043467239544886,0.03361087277100031,0.07791037650824315
2023-11-14,Moderate,0.10210188651958906,0.13166144580351938,0.06594595052033228,0.04260807249262978,0.581325561356677,0.019388386921491425,0.056968702683381944
2023-11-21,Moderate,0.10081533373083876,0.09961555817058863,0.03758636448345114,0.03083017518319012,0.6108737602618706,0.04060731499609485,0.07967149564929148
2023-11-28,Moderate,0.11240118627514066,0.10667566358334503,0.0601605745922416,0.030666376885019893,0.5767751527879306,0.03813952791244732,0.07518153011113861
2023-12-05,Moderate,0.08469548192214595,0.09744585544005095,0.03783966799195598,0.022784511282471734,0.6583813006389823,0.028802502288688244,0.07005068515348481
2023-12-12,Moderate,0.08604963455582033,0.11238107791371911,0.062374871688518164,0.02032354966298479,0.6087369421245844,0.03902957858413118,0.07110434962407776
2023-12-19,Moderate,0.08272550462095209,0.09350453695724546,0.03651522830247593,0.029583448871196263,0.681818740599849,0.025775836465759625,0.050076696927920474
2023-12-26,Moderate,0.07284017472896566,0.10501667983771763,0.11426824757363645,0.01263830762618449,0.5677632831822848,0.04508808140817559,0.08238522211710607
2024-01-02,Moderate,0.061202815285962005,0.0640015467381076,0.0804963718792281,0.013207330730590806,0.6899260252515096,0.02897849982739457,0.062187397207368024
2024-01-09,Moderate,0.12901252858667958,0.11096235276577436,0.07899571337730846,0.019972085630256837,0.5700784757343197,0.06264847640193541,0.028330365844020523
2024-01-16,Moderate,0.08587976700315868,0.1339620673307427,0.09493661089800295,0.01856558739893587,0.5549190945730351,0.052902526964710324,0.05883434586759719
2024-01-23,Moderate,0.11200671756010061,0.0862475674940753,0.05941998267523114,0.018755909664149674,0.6404797923097986,0.04013745091450965,0.04295257822772677
2024-01-30,Moderate,0.0959909531172722,0.09804578861170118,0.06482495942558553,0.03218935957151405,0.6292988581151608,0.027083876076656112,0.05256620806348042
2024-02-06,Moderate,0.1298579979564732,0.14075778956520504,0.058578596132789304,0.019804883131178647,0.5688848487040462,0.028638720356416163,0.05347716979777382
2024-02-13,Moderate,0.10039513217311141,0.1213778369673053,0.05437825762998756,0.01933627748170419,0.5975602004756284,0.04250416574898361,0.06444812515002447
2024-02-20,Moderate,0.09846604285972577,0.09158650154845327,0.08923778012131318,0.01065271953395387,0.6313017931907385,0.019017055467043447,0.059738103438713455
2024-02-27,Moderate,0.10849606379434765,0.10098544589112485,0.09506498132663194,0.023072784355369892,0.5554960446479993,0.05508799827956136,0.061796674269060436
2024-03-05,Moderate,0.08768810093201491,0.1721514013545537,0.06610872335102706,0.01643193857775795,0.5609083175432642,0.0319845662068424,0.06472694631980577
2024-03-12,Moderate,0.1007116449134726,0.13400108163477847,0.11454379453789439,0.010627144986584205,0.5634544463749547,0.030504893863926016,0.04615699381463704
2024-03-19,Moderate,0.12886099491195413,0.09070862704408421,0.12868432372607766,0.017165095032342145,0.5376111747572762,0.045965656457006634,0.05100412458053667
2024-03-26,Moderate,0.11288273564361508,0.12860210826669993,0.046613648504098,0.025819217269135435,0.5987022431081834,0.0396423971062486,0.04773762195118442
2024-04-02,Moderate,0.0939253217566551,0.16616804941505603,0.05732966543873767,0.013923002502673983,0.5636168606708654,0.04149376427780626,0.06354334536396583
2024-04-09,Moderate,0.1002103750431684,0.10790620825719084,0.08196461246045528,0.0354719623415307,0.5565958406924355,0.04156222846711784,0.07628877909155558
2024-04-16,Moderate,0.10578907803756006,0.08389232641275153,0.03781612688180753,0.03195154683317009,0.6212477588878755,0.03443521244025755,0.08486795094336226
2024-04-23,Moderate,0.07654181189857241,0.11943393018390491,0.05860928087107211,0.024262305157857773,0.5537094608769708,0.04818246433084516,0.11926075072343723
2024-04-30,Moderate,0.101319934720314,0.09025724504784377,0.09493714969666704,0.020007519819114736,0.5854662577423952,0.049311444915628964,0.058700450843217615
2024-05-07,Moderate,0.08782335454685926,0.10444523002798578,0.10796952467490828,0.037996012396794114,0.5655576246724693,0.03458355743886089,0.0616246944113265
2024-05-14,Moderate,0.09932340336165989,0.13076108994569563,0.050548930056213005,0.04229828909500008,0.5735812279658176,0.040790938839794844,0.06269612400123628
2024-05-21,Moderate,0.17750464419913572,0.08432726988549082,0.0818310740993338,0.019868267325441644,0.5723809697169889,0.018971117768198837,0.045116661823641935
2024-05-28,Moderate,0.12066745544862312,0.12384959648879443,0.09368520193166623,0.012292428149039396,0.5908822162267584,0.022559013516440136,0.036064085805878346
2024-06-04,Moderate,0.0932994970449046,0.0971819561614657,0.06433197346593765,0.022020064392457454,0.6242694537049105,0.03136876326910307,0.06752829744964735
2024-06-11,Moderate,0.07759160660129656,0.09475114084857823,0.07320709795613457,0.02513688091111054,0.6392191487139401,0.031320794264320245,0.0587733350678657
2024-06-18,Moderate,0.11104155552347286,0.11345237971509704,0.05531638684274639,0.024868522683992925,0.6041205650777857,0.031275126301847075,0.05992545927161808
2024-06-25,Moderate,0.08905567729025053,0.13566185304789982,0.09823586331806766,0.020880081797147794,0.5691039436837522,0.03343406723948509,0.05362850972721008
2024-07-02,Moderate,0.07974042998061377,0.1036987920724121,0.061673367942317474,0.05371654007467437,0.5867031707694488,0.017688910890969266,0.09677878796854718
2024-07-09,Moderate,0.08057613433571527,0.09793569295667108,0.07914611331536431,0.017168879194650752,0.6200430601183325,0.032531064280774395,0.07259905440267171
2024-07-16,Moderate,0.08949152430489891,0.14387917005833945,0.08279526599503621,0.048333897204544826,0.5547237265115929,0.0326947962018912,0.0480816204808578
2024-07-23,Moderate,0.07254721251256001,0.08286926788019218,0.06869103185103823,0.020931691648136713,0.6195186434563732,0.030596925377957815,0.10484522974972298
2024-07-30,Moderate,0.09464335798656971,0.1120101577680543,0.08687832818213788,0.020394050465029016,0.5961907300243183,0.03940114724355221,0.05048222348159465
2024-08-06,Moderate,0.12876966575939186,0.1340571002881954,0.07503639508738479,0.011681049025528793,0.5755135481733651,0.028299436493648574,0.04664280999910142
2024-08-13,Moderate,0.08047898024385573,0.10910015053435247,0.060323939869061156,0.03652460750295278,0.6092790575892946,0.03152118134366474,0.07277207787441042
2024-08-20,Moderate,0.10039103578776117,0.12685407800599927,0.05941047227087736,0.022170128295353256,0.5821732299899062,0.021864156080409834,0.08713690485223191
2024-08-27,Moderate,0.085646399606128,0.09577216292870819,0.046632842034998775,0.008990714368563317,0.6514045212547003,0.01934652367817491,0.09220684110951763
2024-09-03,Moderate,0.10291156708105538,0.07192910601057712,0.07718398406664283,0.0077525030843585835,0.6432873754387696,0.021822234462298456,0.07511323046275863
2024-09-10,Moderate,0.11550101466872541,0.14845418585108044,0.050355804334781616,0.016539593407359558,0.5769819592357316,0.021554590734569574,0.07061285624897354
2024-09-17,Moderate,0.1032784794283052,0.14776366778227273,0.06765758623486286,0.020342458406460706,0.569043850295058,0.03397692826605001,0.05793703329354092
2024-09-24,Moderate,0.08965470563686848,0.11167370107778832,0.05808840089801894,0.005418754282540459,0.6376185826014816,0.02943158947233483,0.06811426847361
2024-10-01,Moderate,0.10133395330535802,0.1056347823498565,0.06321245801272024,0.029870498928735986,0.6158729640524939,0.02323186516401348,0.06084347134561269
2024-10-08,Moderate,0.09651875560972663,0.12145066675273089,0.050339918148434,0.01280372983734684,0.6101077384996515,0.05303054686611792,0.0557486428193765
2024-10-15,Moderate,0.06639304442456456,0.12101895413538491,0.06690814977594134,0.02256938351395846,0.6365548003987785,0.04085530281510766,0.04570036668164313
2024-10-22,Moderate,0.09304967058930917,0.14999134997620425,0.04729016706416447,0.025916482359491164,0.6165559803561933,0.022737843559798614,0.04445850063871745
2024-10-29,Moderate,0.11184273346936183,0.11965388544262025,0.06341312568043712,0.023908993496129672,0.5745718540838705,0.026843530790378798,0.07976587570917144
